,0,1,2,3,4,5,6,7,8,9,10,11,12,13,14,15,16,17,18,19,20,21,22,23,24,25,26,27,28,29,30,31,32,33,34,35,36,37,38,39,40,41,42,43,44,45,46,47,48
0,0.0007583,0.0007809000000000001,0.000653,0.0006365,0.000526,0.0004547,0.0003857,0.00033939999999999996,0.0002806,0.0002484,0.0002076,0.0001683,0.0001317,0.00010149999999999999,7.449e-05,5.675e-05,4.094e-05,2.882e-05,2.134e-05,1.421e-05,9.759e-06,6.465e-06,3.7489999999999996e-06,2.9389999999999997e-06,2.027e-06,1.51e-06,1.287e-06,1.105e-06,1.1959999999999999e-06,1.165e-06,9.728e-07,1.115e-06,1.277e-06,8.31e-07,1.074e-06,1.0129999999999999e-06,9.83e-07,8.918000000000001e-07,8.816e-07,9.627e-07,8.31e-07,6.992e-07,6.992e-07,6.688e-07,5.776e-07,4.357e-07,4.56e-07,3.243e-07,3.344e-07
1,0.0007662000000000001,0.0007792000000000001,0.000653,0.0006383,0.0005296000000000001,0.0004601,0.0003897,0.000338,0.0002833,0.0002508,0.0002125,0.00017130000000000002,0.0001347,0.00010109999999999999,7.55e-05,5.665e-05,4.2e-05,3.118e-05,2.175e-05,1.426e-05,1.001e-05,6.404e-06,4.611e-06,2.908e-06,2.067e-06,1.5e-06,1.277e-06,1.044e-06,1.1959999999999999e-06,1.064e-06,1.1959999999999999e-06,1.186e-06,9.931e-07,9.222e-07,1.094e-06,9.323000000000001e-07,1.175e-06,8.512e-07,1.064e-06,8.918000000000001e-07,8.816e-07,7.803e-07,6.283e-07,6.384e-07,5.675e-07,6.587e-07,2.8370000000000003e-07,2.5329999999999997e-07,3.344e-07
2,0.0007672000000000001,0.0007854,0.000657,0.0006439,0.0005297999999999999,0.0004593,0.00038849999999999996,0.00033989999999999997,0.00028730000000000004,0.0002528,0.00021219999999999998,0.000172,0.000138,0.00010270000000000002,7.766e-05,5.634e-05,4.026e-05,3.067e-05,2.122e-05,1.471e-05,1.001e-05,6.697999999999999e-06,4.5089999999999995e-06,3.3439999999999997e-06,2.017e-06,1.449e-06,1.064e-06,1.419e-06,8.918000000000001e-07,1.115e-06,1.135e-06,8.918000000000001e-07,1.125e-06,1.003e-06,1.003e-06,1.003e-06,1.115e-06,9.12e-07,9.222e-07,9.424e-07,7.093e-07,8.005e-07,6.789e-07,6.181000000000001e-07,6.079999999999999e-07,5.776e-07,3.851e-07,2.5329999999999997e-07,1.925e-07
3,0.0007645999999999999,0.0007797,0.0006512,0.0006372999999999999,0.0005301,0.000454,0.0003908,0.00033650000000000005,0.0002832,0.0002544,0.0002114,0.0001698,0.0001329,0.0001008,7.682e-05,5.625e-05,3.962e-05,2.988e-05,2.075e-05,1.399e-05,9.931e-06,6.5460000000000005e-06,4.145e-06,2.8780000000000002e-06,2.047e-06,1.5709999999999999e-06,1.064e-06,9.83e-07,1.0840000000000001e-06,1.003e-06,9.019e-07,1.1959999999999999e-06,9.627e-07,1.105e-06,1.0129999999999999e-06,1.145e-06,1.135e-06,1.0840000000000001e-06,8.715e-07,8.207999999999999e-07,8.31e-07,7.6e-07,8.411e-07,5.371e-07,4.965e-07,3.4450000000000005e-07,3.9520000000000004e-07,3.0399999999999997e-07,1.824e-07
4,0.0007616000000000001,0.0007782,0.0006571000000000001,0.0006383999999999999,0.0005329,0.000459,0.00039019999999999994,0.0003409,0.0002832,0.0002495,0.0002102,0.0001698,0.00013209999999999999,0.00010109999999999999,7.689e-05,5.558e-05,4.097e-05,2.962e-05,2.027e-05,1.424e-05,9.961e-06,6.83e-06,4.134e-06,2.696e-06,2.128e-06,1.3780000000000002e-06,1.388e-06,1.145e-06,1.074e-06,1.0129999999999999e-06,9.323000000000001e-07,8.207999999999999e-07,1.064e-06,9.019e-07,1.0840000000000001e-06,9.12e-07,9.424e-07,9.83e-07,1.186e-06,9.12e-07,8.207999999999999e-07,7.701e-07,5.675e-07,6.587e-07,5.168e-07,4.357e-07,3.9520000000000004e-07,4.256e-07,2.229e-07
5,0.0007511,0.0007779,0.0006483,0.0006362,0.0005255,0.000455,0.00038369999999999995,0.00033410000000000004,0.0002815,0.0002454,0.000207,0.000168,0.0001322,9.973e-05,7.49e-05,5.564e-05,3.931e-05,2.904e-05,2.115e-05,1.391e-05,9.465e-06,6.05e-06,4.0639999999999995e-06,2.858e-06,1.885e-06,1.53e-06,1.236e-06,9.728e-07,1.0840000000000001e-06,1.135e-06,8.31e-07,1.0129999999999999e-06,9.627e-07,1.0129999999999999e-06,1.0129999999999999e-06,1.054e-06,1.094e-06,1.155e-06,1.054e-06,1.0840000000000001e-06,8.411e-07,6.789e-07,8.31e-07,7.397e-07,5.371e-07,3.648e-07,3.749e-07,2.331e-07,3.141e-07
6,0.0007682,0.0007826,0.0006492999999999999,0.0006397,0.0005361000000000001,0.0004593,0.00038819999999999995,0.0003395,0.0002839,0.00025,0.00021150000000000002,0.00017030000000000002,0.0001343,0.00010170000000000002,7.678e-05,5.655e-05,4.125e-05,2.943e-05,2.11e-05,1.538e-05,1.026e-05,6.577000000000001e-06,4.347e-06,2.746e-06,1.875e-06,1.4390000000000001e-06,1.074e-06,9.931e-07,1.287e-06,1.115e-06,1.145e-06,1.0840000000000001e-06,1.145e-06,1.0840000000000001e-06,1.145e-06,1.054e-06,1.0129999999999999e-06,1.105e-06,1.023e-06,8.614e-07,7.904000000000001e-07,7.397e-07,6.079999999999999e-07,5.269e-07,3.648e-07,4.965e-07,4.053e-07,3.141e-07,2.5329999999999997e-07
7,0.0007551,0.0007798999999999999,0.0006502999999999999,0.000634,0.0005266,0.0004587,0.0003862,0.0003372,0.00028369999999999996,0.0002469,0.0002129,0.0001647,0.0001326,9.901e-05,7.582e-05,5.734e-05,4.005e-05,2.888e-05,1.998e-05,1.442e-05,9.89e-06,6.3129999999999995e-06,4.205e-06,2.8780000000000002e-06,1.905e-06,1.5e-06,1.469e-06,1.236e-06,9.931e-07,1.115e-06,9.931e-07,9.222e-07,1.115e-06,8.31e-07,1.135e-06,1.105e-06,1.0129999999999999e-06,8.512e-07,1.0840000000000001e-06,9.222e-07,8.918000000000001e-07,8.512e-07,8.715e-07,5.269e-07,6.688e-07,4.053e-07,3.5469999999999997e-07,3.5469999999999997e-07,3.243e-07
8,0.0007485,0.0007697,0.0006457,0.00063,0.0005252999999999999,0.0004533,0.00038510000000000004,0.0003294,0.00027739999999999997,0.00024700000000000004,0.0002072,0.0001654,0.0001325,0.0001014,7.453e-05,5.455e-05,3.939e-05,2.901e-05,2.006e-05,1.4000000000000001e-05,9.678e-06,6.1e-06,3.81e-06,2.908e-06,2.006e-06,1.611e-06,1.287e-06,1.135e-06,1.064e-06,8.31e-07,8.207999999999999e-07,1.2159999999999999e-06,9.83e-07,9.728e-07,8.816e-07,8.816e-07,1.064e-06,1.0840000000000001e-06,8.411e-07,9.83e-07,6.587e-07,9.019e-07,5.776e-07,5.979e-07,4.6609999999999997e-07,4.864e-07,3.243e-07,3.749e-07,3.0399999999999997e-07
9,0.0007586,0.0007792999999999999,0.0006516,0.0006436,0.0005285,0.0004544,0.0003883,0.000335,0.0002844,0.0002481,0.0002117,0.0001726,0.00013440000000000001,0.00010270000000000002,7.689e-05,5.609e-05,4.046e-05,3.046e-05,2.074e-05,1.473e-05,9.768999999999999e-06,6.202e-06,4.5089999999999995e-06,3.02e-06,1.976e-06,1.348e-06,1.2159999999999999e-06,1.327e-06,1.064e-06,9.323000000000001e-07,1.165e-06,1.165e-06,1.034e-06,9.424e-07,1.0129999999999999e-06,1.175e-06,1.003e-06,1.044e-06,1.044e-06,9.83e-07,9.019e-07,9.728e-07,8.31e-07,5.979e-07,5.472e-07,4.256e-07,3.9520000000000004e-07,2.331e-07,2.229e-07
10,0.0007434,0.0007714,0.0006448,0.0006372000000000001,0.0005268,0.0004539,0.00038239999999999997,0.0003375,0.0002799,0.0002478,0.0002079,0.0001672,0.0001306,9.822e-05,7.516e-05,5.436e-05,4.016e-05,2.97e-05,2.066e-05,1.347e-05,1.055e-05,6.425e-06,4.053e-06,3e-06,2.361e-06,1.348e-06,1.257e-06,1.236e-06,1.003e-06,1.044e-06,9.019e-07,9.627e-07,8.918000000000001e-07,1.064e-06,1.226e-06,1.155e-06,1.175e-06,8.715e-07,1.054e-06,9.222e-07,8.715e-07,7.195000000000001e-07,6.891e-07,5.472e-07,5.776e-07,4.4590000000000004e-07,3.851e-07,3.141e-07,2.229e-07
11,0.0007627999999999999,0.0007804999999999999,0.0006504,0.0006412999999999999,0.0005283,0.00045819999999999997,0.0003841,0.00033969999999999996,0.00028429999999999997,0.0002513,0.00021109999999999998,0.0001688,0.0001345,9.963e-05,7.798e-05,5.646e-05,3.999e-05,2.991e-05,2.115e-05,1.427e-05,1.032e-05,6.475e-06,3.851e-06,2.7560000000000004e-06,2.098e-06,1.236e-06,1.064e-06,1.0840000000000001e-06,9.019e-07,9.526000000000001e-07,1.034e-06,1.034e-06,1.044e-06,9.526000000000001e-07,9.931e-07,1.054e-06,1.165e-06,8.918000000000001e-07,1.094e-06,9.424e-07,8.411e-07,7.498999999999999e-07,6.891e-07,5.877e-07,3.851e-07,3.851e-07,4.56e-07,2.939e-07,2.635e-07
12,0.0007671,0.0007847,0.000656,0.000644,0.0005303,0.00046310000000000004,0.0003859,0.0003379,0.00028429999999999997,0.00025340000000000003,0.00021160000000000002,0.0001726,0.0001347,0.0001042,7.785e-05,5.772e-05,4.209e-05,3.086e-05,2.11e-05,1.497e-05,1.025e-05,6.567000000000001e-06,4.3169999999999995e-06,3e-06,2.088e-06,1.5e-06,9.931e-07,1.327e-06,9.931e-07,1.074e-06,1.074e-06,1.165e-06,9.222e-07,9.323000000000001e-07,1.105e-06,1.054e-06,9.83e-07,1.003e-06,9.12e-07,9.526000000000001e-07,8.816e-07,8.411e-07,7.093e-07,5.371e-07,4.864e-07,4.256e-07,4.155e-07,4.256e-07,3.243e-07
13,0.0007405000000000001,0.0007686,0.0006405,0.0006355999999999999,0.0005257,0.00045620000000000003,0.00038530000000000004,0.0003321,0.0002763,0.0002434,0.0002069,0.00016659999999999998,0.0001278,9.773e-05,7.418e-05,5.228e-05,3.841e-05,2.738e-05,1.939e-05,1.39e-05,9.657000000000001e-06,5.969e-06,4.0030000000000005e-06,2.807e-06,2.047e-06,1.49e-06,1.4390000000000001e-06,1.277e-06,1.094e-06,1.054e-06,1.155e-06,1.034e-06,9.12e-07,7.397e-07,1.0840000000000001e-06,1.0129999999999999e-06,9.627e-07,1.155e-06,9.222e-07,8.816e-07,8.614e-07,6.891e-07,6.181000000000001e-07,5.675e-07,4.357e-07,3.243e-07,2.736e-07,3.4450000000000005e-07,3.5469999999999997e-07
14,0.0007617000000000001,0.0007771,0.0006502999999999999,0.0006399,0.0005298999999999999,0.0004585,0.0003872,0.0003386,0.0002839,0.0002475,0.00021069999999999997,0.0001692,0.0001348,0.00010429999999999999,7.659999999999999e-05,5.582e-05,4e-05,2.983e-05,2.115e-05,1.411e-05,9.961e-06,6.759e-06,4.226e-06,2.7260000000000002e-06,1.915e-06,1.3980000000000002e-06,1.327e-06,1.135e-06,1.186e-06,1.105e-06,1.1959999999999999e-06,1.186e-06,1.074e-06,1.155e-06,9.931e-07,1.074e-06,1.003e-06,9.323000000000001e-07,9.222e-07,9.12e-07,8.31e-07,6.891e-07,7.498999999999999e-07,5.877e-07,4.6609999999999997e-07,4.357e-07,3.648e-07,3.5469999999999997e-07,3.851e-07
15,0.0007671,0.0007816,0.0006519999999999999,0.0006397,0.0005311,0.00045670000000000004,0.00039,0.00033769999999999997,0.0002865,0.0002501,0.0002121,0.0001681,0.0001349,0.00010109999999999999,7.764e-05,5.554e-05,4.057e-05,2.876e-05,2.135e-05,1.462e-05,9.819e-06,6.05e-06,4.52e-06,2.8680000000000003e-06,1.905e-06,1.3380000000000001e-06,1.3580000000000002e-06,1.186e-06,1.034e-06,1.064e-06,1.054e-06,9.424e-07,8.31e-07,1.115e-06,9.83e-07,1.064e-06,1.064e-06,1.165e-06,8.816e-07,1.074e-06,8.715e-07,7.296e-07,7.498999999999999e-07,6.079999999999999e-07,5.979e-07,3.9520000000000004e-07,3.5469999999999997e-07,3.0399999999999997e-07,2.331e-07
16,0.0007595,0.0007821000000000001,0.0006434,0.0006362,0.0005307,0.00045760000000000006,0.0003835,0.0003356,0.0002795,0.0002468,0.0002079,0.000167,0.00013330000000000001,9.973e-05,7.75e-05,5.513e-05,4.107e-05,3.022e-05,2.107e-05,1.438e-05,9.637000000000001e-06,6.212000000000001e-06,4.266e-06,2.614e-06,1.7530000000000002e-06,1.368e-06,1.277e-06,1.044e-06,1.054e-06,9.323000000000001e-07,1.145e-06,1.105e-06,9.323000000000001e-07,9.12e-07,9.83e-07,1.044e-06,1.125e-06,9.728e-07,9.526000000000001e-07,9.323000000000001e-07,9.728e-07,8.31e-07,7.498999999999999e-07,5.472e-07,4.56e-07,3.5469999999999997e-07,4.256e-07,2.736e-07,2.939e-07
17,0.0007539,0.0007830000000000001,0.0006448,0.0006351,0.0005275000000000001,0.00045789999999999996,0.0003857,0.0003346,0.000278,0.0002454,0.0002065,0.0001673,0.0001309,9.987e-05,7.681e-05,5.449e-05,4.005e-05,2.8999999999999997e-05,2.016e-05,1.4400000000000001e-05,9.698e-06,6.181000000000001e-06,4.175e-06,2.544e-06,1.875e-06,1.51e-06,1.125e-06,1.0840000000000001e-06,1.044e-06,1.206e-06,1.034e-06,8.715e-07,1.165e-06,9.12e-07,8.512e-07,1.125e-06,1.044e-06,9.424e-07,7.6e-07,8.106999999999999e-07,7.6e-07,6.384e-07,6.079999999999999e-07,6.181000000000001e-07,4.7630000000000005e-07,3.648e-07,2.736e-07,3.749e-07,2.331e-07
18,0.0007553999999999999,0.0007704,0.0006492000000000001,0.0006395,0.0005266,0.00045579999999999997,0.0003821,0.0003347,0.00027969999999999997,0.000248,0.0002082,0.00016769999999999998,0.0001326,0.0001016,7.558e-05,5.636e-05,4.123e-05,2.916e-05,2.017e-05,1.397e-05,9.809e-06,5.907999999999999e-06,4.398e-06,2.888e-06,2.067e-06,1.3980000000000002e-06,1.246e-06,1.125e-06,9.424e-07,1.074e-06,1.1959999999999999e-06,9.83e-07,1.034e-06,1.023e-06,1.054e-06,1.003e-06,9.627e-07,9.83e-07,7.904000000000001e-07,8.816e-07,9.12e-07,7.195000000000001e-07,7.904000000000001e-07,6.079999999999999e-07,5.979e-07,5.269e-07,3.344e-07,3.243e-07,3.141e-07
19,0.0007596,0.0007772,0.0006495,0.0006387000000000001,0.0005323,0.00045539999999999996,0.0003884,0.0003359,0.00028199999999999997,0.00024609999999999996,0.0002101,0.0001675,0.0001311,0.000101,7.599e-05,5.609e-05,3.991e-05,2.816e-05,2.051e-05,1.426e-05,9.515e-06,6.344e-06,4.428e-06,3.01e-06,1.885e-06,1.449e-06,1.064e-06,1.145e-06,1.0129999999999999e-06,1.0129999999999999e-06,1.0129999999999999e-06,1.094e-06,1.155e-06,9.83e-07,9.931e-07,1.064e-06,1.226e-06,9.526000000000001e-07,1.064e-06,9.424e-07,7.195000000000001e-07,6.789e-07,6.587e-07,5.675e-07,4.864e-07,4.155e-07,4.4590000000000004e-07,2.939e-07,2.8370000000000003e-07
20,0.0007547000000000001,0.000769,0.0006436,0.0006362999999999999,0.0005283,0.00045280000000000006,0.00038700000000000003,0.00033519999999999996,0.0002793,0.0002495,0.00020869999999999998,0.0001669,0.00013240000000000002,0.00010120000000000001,7.381e-05,5.425e-05,3.97e-05,2.841e-05,2.058e-05,1.442e-05,1.017e-05,5.907999999999999e-06,3.912e-06,2.7560000000000004e-06,1.885e-06,1.3580000000000002e-06,1.064e-06,1.226e-06,9.931e-07,1.074e-06,1.034e-06,9.323000000000001e-07,1.074e-06,9.931e-07,8.918000000000001e-07,1.074e-06,1.003e-06,9.222e-07,7.397e-07,9.323000000000001e-07,8.005e-07,6.891e-07,7.195000000000001e-07,6.283e-07,4.357e-07,4.864e-07,4.053e-07,2.635e-07,2.128e-07
21,0.0007608,0.0007838,0.0006563,0.0006327,0.0005262999999999999,0.0004605,0.0003881,0.000341,0.0002858,0.0002495,0.00021040000000000002,0.000169,0.00013240000000000002,0.00010190000000000001,7.592e-05,5.791e-05,4.083e-05,2.897e-05,2.095e-05,1.459e-05,1.005e-05,6.6679999999999995e-06,4.286e-06,3.1210000000000003e-06,1.895e-06,1.3380000000000001e-06,1.2670000000000001e-06,1.165e-06,1.165e-06,8.715e-07,1.054e-06,8.106999999999999e-07,1.1959999999999999e-06,9.83e-07,1.175e-06,9.83e-07,9.728e-07,9.728e-07,9.526000000000001e-07,8.816e-07,8.512e-07,7.803e-07,7.195000000000001e-07,6.891e-07,6.079999999999999e-07,4.4590000000000004e-07,3.9520000000000004e-07,3.648e-07,1.824e-07
22,0.0007653,0.0007807000000000001,0.0006513999999999999,0.0006407,0.0005303,0.00045519999999999995,0.00038560000000000005,0.00033680000000000006,0.00028700000000000004,0.0002499,0.00021150000000000002,0.0001712,0.0001361,0.00010229999999999999,7.726e-05,5.693e-05,4.097e-05,2.988e-05,2.022e-05,1.466e-05,1.002e-05,7.052999999999999e-06,4.945e-06,2.9789999999999998e-06,1.996e-06,1.7330000000000002e-06,1.3780000000000002e-06,1.186e-06,1.165e-06,9.931e-07,1.064e-06,1.074e-06,1.074e-06,9.931e-07,1.094e-06,1.023e-06,9.931e-07,1.074e-06,9.931e-07,9.12e-07,9.323000000000001e-07,8.614e-07,6.789e-07,6.484999999999999e-07,6.283e-07,5.067000000000001e-07,3.648e-07,2.8370000000000003e-07,3.5469999999999997e-07
23,0.0007626,0.0007825,0.0006494,0.0006366000000000001,0.0005331,0.00045860000000000003,0.0003863,0.0003382,0.0002841,0.0002508,0.0002117,0.00016840000000000003,0.0001349,0.0001008,7.816e-05,5.641e-05,4.046e-05,2.98e-05,2.123e-05,1.538e-05,1.004e-05,6.707999999999999e-06,4.489e-06,3e-06,1.763e-06,1.4390000000000001e-06,1.186e-06,8.918000000000001e-07,1.135e-06,1.074e-06,1.074e-06,9.83e-07,1.226e-06,1.175e-06,1.0129999999999999e-06,8.614e-07,9.931e-07,9.019e-07,1.054e-06,7.296e-07,7.296e-07,7.904000000000001e-07,6.688e-07,4.4590000000000004e-07,5.877e-07,3.851e-07,3.5469999999999997e-07,3.0399999999999997e-07,2.8370000000000003e-07
24,0.000752,0.0007755,0.000655,0.0006389999999999999,0.000529,0.00045700000000000005,0.00038369999999999995,0.0003359,0.0002835,0.00024730000000000005,0.00021160000000000002,0.0001685,0.0001317,9.959e-05,7.503e-05,5.505e-05,4.066e-05,2.862e-05,2.013e-05,1.446e-05,1.041e-05,6.637e-06,4.205e-06,2.959e-06,1.946e-06,1.388e-06,1.409e-06,1.155e-06,1.023e-06,8.918000000000001e-07,1.064e-06,9.83e-07,1.165e-06,1.0840000000000001e-06,1.023e-06,7.397e-07,9.526000000000001e-07,9.019e-07,9.12e-07,1.003e-06,7.701e-07,7.904000000000001e-07,7.195000000000001e-07,6.587e-07,6.181000000000001e-07,4.56e-07,4.155e-07,2.939e-07,3.141e-07
25,0.0007456,0.0007763999999999999,0.0006464,0.0006313,0.0005277,0.00045710000000000005,0.00038710000000000003,0.0003357,0.00028,0.0002451,0.00020990000000000003,0.0001657,0.0001309,0.0001004,7.477e-05,5.481e-05,3.944e-05,2.961e-05,2.073e-05,1.327e-05,9.941e-06,6.759e-06,4.297e-06,2.7160000000000003e-06,1.611e-06,1.55e-06,1.145e-06,1.023e-06,1.125e-06,1.105e-06,1.145e-06,1.145e-06,1.094e-06,1.094e-06,9.222e-07,1.105e-06,1.135e-06,8.715e-07,9.222e-07,8.715e-07,6.789e-07,8.411e-07,7.701e-07,4.864e-07,5.572999999999999e-07,3.9520000000000004e-07,4.256e-07,2.736e-07,2.8370000000000003e-07
26,0.0007536,0.000769,0.0006485,0.0006320000000000001,0.0005306,0.00045310000000000006,0.00038480000000000003,0.00033610000000000004,0.00027919999999999996,0.0002475,0.00020659999999999998,0.0001671,0.0001312,9.913e-05,7.439e-05,5.574e-05,3.886e-05,2.831e-05,1.978e-05,1.364e-05,1.013e-05,6.445e-06,4.449e-06,2.554e-06,1.5709999999999999e-06,1.5909999999999999e-06,1.003e-06,1.074e-06,1.186e-06,1.064e-06,8.411e-07,9.83e-07,1.0129999999999999e-06,1.064e-06,1.023e-06,1.115e-06,1.105e-06,9.83e-07,9.627e-07,9.424e-07,8.918000000000001e-07,6.891e-07,6.283e-07,5.979e-07,5.067000000000001e-07,5.371e-07,3.648e-07,2.432e-07,2.432e-07
27,0.0007655,0.0007773,0.0006536000000000001,0.0006328,0.0005292000000000001,0.00045579999999999997,0.000386,0.0003367,0.0002818,0.0002512,0.0002112,0.0001682,0.000134,0.00010049999999999999,7.613e-05,5.6399999999999995e-05,4.227e-05,3.054e-05,2.078e-05,1.494e-05,1.016e-05,6.425e-06,4.479e-06,3.0810000000000002e-06,1.885e-06,1.449e-06,1.0840000000000001e-06,8.918000000000001e-07,1.186e-06,1.064e-06,9.931e-07,1.054e-06,1.105e-06,1.023e-06,9.931e-07,1.206e-06,9.12e-07,1.054e-06,1.003e-06,9.12e-07,9.12e-07,7.803e-07,7.195000000000001e-07,4.56e-07,5.776e-07,4.7630000000000005e-07,4.053e-07,3.648e-07,1.723e-07
28,0.0007578999999999999,0.0007761,0.0006523,0.000634,0.0005304,0.0004587,0.00038500000000000003,0.0003342,0.0002815,0.000246,0.0002079,0.00017080000000000003,0.0001338,0.000101,7.589e-05,5.534e-05,3.931e-05,2.924e-05,2.094e-05,1.495e-05,9.515e-06,6.759e-06,4.347e-06,2.8680000000000003e-06,1.723e-06,1.469e-06,1.1959999999999999e-06,1.115e-06,1.074e-06,8.918000000000001e-07,1.044e-06,1.0840000000000001e-06,1.064e-06,1.0840000000000001e-06,1.054e-06,1.074e-06,9.12e-07,1.023e-06,8.411e-07,8.715e-07,8.614e-07,5.979e-07,7.498999999999999e-07,5.979e-07,5.067000000000001e-07,5.675e-07,4.56e-07,3.5469999999999997e-07,3.5469999999999997e-07
29,0.000768,0.0007857000000000001,0.000654,0.0006375,0.0005332000000000001,0.00045760000000000006,0.0003872,0.00033650000000000005,0.0002821,0.0002515,0.00021099999999999998,0.00016840000000000003,0.0001341,0.00010180000000000001,7.743e-05,5.485e-05,3.977e-05,2.928e-05,2.083e-05,1.486e-05,1.016e-05,6.637e-06,4.297e-06,2.746e-06,1.976e-06,1.611e-06,1.257e-06,1.0129999999999999e-06,1.054e-06,8.411e-07,1.094e-06,8.715e-07,1.165e-06,9.83e-07,1.023e-06,1.054e-06,1.023e-06,1.003e-06,9.019e-07,8.106999999999999e-07,9.323000000000001e-07,7.397e-07,7.093e-07,5.572999999999999e-07,4.6609999999999997e-07,4.155e-07,3.9520000000000004e-07,2.8370000000000003e-07,2.229e-07
30,0.0007569,0.0007737,0.000648,0.0006391,0.0005304999999999999,0.0004585,0.0003874,0.0003366,0.0002806,0.000245,0.00020950000000000002,0.00016869999999999998,0.0001329,0.0001002,7.615e-05,5.458e-05,3.972e-05,2.965e-05,2.023e-05,1.436e-05,1.021e-05,6.475e-06,4.286e-06,2.675e-06,1.925e-06,1.4590000000000001e-06,1.2670000000000001e-06,1.125e-06,9.323000000000001e-07,9.627e-07,9.728e-07,1.074e-06,9.323000000000001e-07,1.044e-06,9.931e-07,1.135e-06,1.054e-06,8.106999999999999e-07,7.803e-07,8.816e-07,8.31e-07,7.397e-07,6.484999999999999e-07,5.877e-07,5.269e-07,3.648e-07,4.155e-07,2.635e-07,2.128e-07
31,0.0007618999999999999,0.0007788,0.0006508999999999999,0.0006392,0.0005274,0.0004584,0.0003827,0.000335,0.00028310000000000005,0.0002508,0.00020990000000000003,0.000168,0.0001325,9.98e-05,7.703e-05,5.469e-05,3.965e-05,2.952e-05,1.979e-05,1.555e-05,9.688e-06,6.383999999999999e-06,4.236000000000001e-06,2.888e-06,1.925e-06,1.3380000000000001e-06,1.023e-06,1.287e-06,1.2159999999999999e-06,1.023e-06,9.424e-07,1.054e-06,9.222e-07,7.803e-07,9.931e-07,1.064e-06,1.054e-06,9.323000000000001e-07,9.222e-07,9.526000000000001e-07,7.195000000000001e-07,7.6e-07,5.472e-07,6.891e-07,4.6609999999999997e-07,4.7630000000000005e-07,2.331e-07,3.9520000000000004e-07,2.635e-07
32,0.0007507000000000001,0.0007748999999999999,0.0006414,0.0006354,0.0005267000000000001,0.0004516,0.0003815,0.00033539999999999997,0.0002796,0.0002469,0.0002076,0.00016669999999999999,0.0001319,0.0001008,7.485e-05,5.538e-05,3.971e-05,2.842e-05,1.9399999999999997e-05,1.391e-05,9.87e-06,6.354e-06,4.205e-06,2.908e-06,1.996e-06,1.469e-06,1.4390000000000001e-06,1.105e-06,9.931e-07,9.12e-07,1.054e-06,1.0129999999999999e-06,7.701e-07,1.034e-06,9.627e-07,9.83e-07,8.918000000000001e-07,1.064e-06,8.715e-07,9.12e-07,8.005e-07,6.283e-07,7.195000000000001e-07,7.093e-07,5.168e-07,3.9520000000000004e-07,4.864e-07,3.243e-07,2.635e-07
33,0.0007712000000000001,0.0007852,0.000657,0.0006411,0.0005313,0.0004602,0.0003892,0.000339,0.00028639999999999997,0.0002516,0.0002137,0.00017309999999999998,0.0001375,0.0001026,7.6e-05,5.765e-05,4.270000000000001e-05,2.927e-05,2.176e-05,1.508e-05,1.109e-05,6.6679999999999995e-06,4.398e-06,3.1210000000000003e-06,2.412e-06,1.4790000000000002e-06,1.125e-06,1.145e-06,1.0129999999999999e-06,1.074e-06,1.175e-06,1.115e-06,1.115e-06,1.064e-06,1.023e-06,1.115e-06,1.327e-06,8.614e-07,9.627e-07,7.6e-07,8.614e-07,8.512e-07,6.283e-07,5.979e-07,4.864e-07,5.067000000000001e-07,2.432e-07,3.5469999999999997e-07,2.635e-07
34,0.0007649,0.0007835,0.0006507999999999999,0.0006381000000000001,0.0005343,0.0004578,0.00038789999999999994,0.0003363,0.0002869,0.00024730000000000005,0.00021069999999999997,0.0001693,0.0001325,0.0001008,7.731e-05,5.745e-05,4.057e-05,3.064e-05,2.061e-05,1.463e-05,1e-05,6.8e-06,4.134e-06,2.8369999999999997e-06,1.7530000000000002e-06,1.5909999999999999e-06,1.327e-06,1.246e-06,1.145e-06,1.3169999999999998e-06,1.054e-06,9.83e-07,1.0840000000000001e-06,1.023e-06,8.31e-07,1.0129999999999999e-06,1.135e-06,9.222e-07,9.83e-07,8.005e-07,9.12e-07,7.6e-07,6.992e-07,7.093e-07,4.155e-07,6.688e-07,3.4450000000000005e-07,4.4590000000000004e-07,2.027e-07
35,0.0007712000000000001,0.0007847,0.0006547999999999999,0.0006389,0.000532,0.00046160000000000005,0.000389,0.00033610000000000004,0.00028510000000000005,0.0002513,0.00021150000000000002,0.00017180000000000003,0.0001357,0.0001028,7.742e-05,5.6999999999999996e-05,4.16e-05,2.945e-05,2.141e-05,1.555e-05,9.89e-06,6.677999999999999e-06,4.398e-06,3.02e-06,1.966e-06,1.368e-06,1.236e-06,1.388e-06,9.222e-07,9.424e-07,1.125e-06,1.0129999999999999e-06,1.105e-06,1.1959999999999999e-06,1.044e-06,8.614e-07,1.135e-06,1.125e-06,9.019e-07,8.715e-07,7.701e-07,8.512e-07,6.891e-07,5.371e-07,5.472e-07,5.776e-07,4.357e-07,4.7630000000000005e-07,2.128e-07
36,0.0007615,0.0007862,0.0006565000000000001,0.0006407,0.0005313,0.0004578,0.00038469999999999997,0.00033989999999999997,0.0002827,0.00024870000000000003,0.0002106,0.0001692,0.0001348,0.0001034,7.849e-05,5.728e-05,4.101e-05,2.966e-05,2.043e-05,1.4499999999999998e-05,9.708e-06,7.2560000000000005e-06,4.205e-06,2.9389999999999997e-06,2.027e-06,1.3780000000000002e-06,1.3169999999999998e-06,1.236e-06,1.0840000000000001e-06,1.1959999999999999e-06,9.728e-07,1.1959999999999999e-06,1.145e-06,1.0840000000000001e-06,1.2670000000000001e-06,1.074e-06,1.135e-06,1.125e-06,9.12e-07,9.627e-07,1.0129999999999999e-06,7.093e-07,6.181000000000001e-07,6.587e-07,4.56e-07,3.851e-07,5.067000000000001e-07,2.939e-07,3.0399999999999997e-07
37,0.0007596,0.0007792000000000001,0.0006502999999999999,0.000641,0.0005262999999999999,0.00045460000000000005,0.0003877,0.0003401,0.0002841,0.0002501,0.00020709999999999997,0.0001699,0.0001327,0.0001,7.639e-05,5.631e-05,4.03e-05,2.944e-05,2.096e-05,1.394e-05,9.576e-06,6.85e-06,3.912e-06,2.9889999999999997e-06,1.986e-06,1.175e-06,1.1959999999999999e-06,1.135e-06,1.074e-06,1.064e-06,9.931e-07,1.034e-06,8.411e-07,1.2159999999999999e-06,1.094e-06,1.044e-06,8.614e-07,1.0129999999999999e-06,1.054e-06,8.918000000000001e-07,7.803e-07,8.816e-07,7.803e-07,5.269e-07,5.979e-07,5.675e-07,4.155e-07,3.5469999999999997e-07,3.141e-07
38,0.0007644,0.0007872999999999999,0.0006602,0.000641,0.0005343,0.0004598,0.00038819999999999995,0.0003385,0.0002836,0.00025140000000000004,0.00021099999999999998,0.0001704,0.0001356,0.0001016,7.72e-05,5.678e-05,4.1700000000000004e-05,2.961e-05,2.168e-05,1.528e-05,1.064e-05,6.3639999999999995e-06,4.134e-06,2.817e-06,2.1790000000000002e-06,1.601e-06,1.3780000000000002e-06,1.186e-06,1.155e-06,1.155e-06,8.918000000000001e-07,1.115e-06,1.0129999999999999e-06,9.12e-07,1.125e-06,1.165e-06,1.054e-06,7.498999999999999e-07,1.044e-06,8.31e-07,8.411e-07,6.891e-07,6.181000000000001e-07,5.067000000000001e-07,4.7630000000000005e-07,4.155e-07,2.939e-07,3.4450000000000005e-07,2.128e-07
39,0.0007633999999999999,0.0007769999999999999,0.0006529,0.0006386,0.0005349,0.0004629,0.0003833,0.00033650000000000005,0.00028539999999999994,0.0002516,0.000215,0.00017219999999999998,0.0001327,0.00010170000000000002,7.743e-05,5.721e-05,4.149e-05,2.917e-05,2.129e-05,1.443e-05,1.023e-05,6.6070000000000004e-06,4.307e-06,2.9389999999999997e-06,2.169e-06,1.2969999999999998e-06,1.419e-06,8.816e-07,1.246e-06,1.165e-06,1.125e-06,1.0840000000000001e-06,1.003e-06,1.0129999999999999e-06,1.054e-06,9.12e-07,1.155e-06,9.222e-07,9.019e-07,9.12e-07,9.526000000000001e-07,6.384e-07,6.789e-07,6.789e-07,5.269e-07,3.9520000000000004e-07,3.5469999999999997e-07,3.5469999999999997e-07,3.0399999999999997e-07
40,0.0007506,0.0007712999999999999,0.0006469,0.0006376,0.0005229,0.0004563,0.00038439999999999997,0.0003337,0.0002795,0.0002446,0.00020590000000000002,0.0001673,0.0001307,9.990000000000002e-05,7.523e-05,5.609e-05,3.965e-05,2.854e-05,2.012e-05,1.375e-05,9.982e-06,6.131e-06,4.124e-06,2.493e-06,1.854e-06,1.419e-06,1.236e-06,1.186e-06,1.003e-06,9.728e-07,9.424e-07,9.627e-07,9.728e-07,1.034e-06,8.816e-07,9.222e-07,1.003e-06,1.094e-06,7.498999999999999e-07,8.816e-07,8.715e-07,7.904000000000001e-07,5.877e-07,5.979e-07,4.56e-07,3.141e-07,4.053e-07,2.736e-07,2.736e-07
41,0.0007541000000000001,0.0007773,0.0006551,0.0006368,0.0005325,0.0004585,0.000389,0.000336,0.0002824,0.0002481,0.00020830000000000002,0.0001712,0.00013580000000000002,0.00010229999999999999,7.53e-05,5.758e-05,4.017e-05,3.025e-05,2.081e-05,1.484e-05,9.688e-06,6.383999999999999e-06,4.479e-06,3.172e-06,1.865e-06,1.449e-06,1.0840000000000001e-06,1.165e-06,9.728e-07,1.257e-06,1.135e-06,1.044e-06,1.175e-06,9.019e-07,9.728e-07,1.1959999999999999e-06,9.83e-07,9.728e-07,7.093e-07,9.83e-07,7.6e-07,7.397e-07,6.079999999999999e-07,4.7630000000000005e-07,4.155e-07,4.965e-07,5.776e-07,4.357e-07,2.8370000000000003e-07
42,0.0007610000000000001,0.0007783,0.000653,0.0006365,0.0005309000000000001,0.00045460000000000005,0.00038080000000000004,0.0003343,0.00027969999999999997,0.00024900000000000004,0.0002123,0.0001691,0.0001318,9.898e-05,7.536e-05,5.639e-05,3.997e-05,2.976e-05,2.096e-05,1.4499999999999998e-05,9.87e-06,6.222000000000001e-06,4.368e-06,2.807e-06,2.371e-06,1.257e-06,1.135e-06,1.2159999999999999e-06,1.186e-06,9.526000000000001e-07,1.125e-06,1.044e-06,1.0840000000000001e-06,1.074e-06,9.728e-07,1.074e-06,1.226e-06,9.222e-07,8.207999999999999e-07,9.019e-07,9.323000000000001e-07,7.803e-07,5.472e-07,5.675e-07,5.168e-07,4.155e-07,4.053e-07,2.939e-07,3.4450000000000005e-07
43,0.0007645999999999999,0.0007837,0.0006536000000000001,0.0006411,0.0005296000000000001,0.0004556,0.00038760000000000004,0.0003373,0.00028369999999999996,0.0002498,0.00021099999999999998,0.0001701,0.000133,0.00010290000000000001,7.855e-05,5.610000000000001e-05,4.112e-05,3.135e-05,2.18e-05,1.4999999999999999e-05,9.819e-06,6.475e-06,4.327e-06,2.9489999999999996e-06,1.946e-06,1.3169999999999998e-06,1.206e-06,1.226e-06,1.1959999999999999e-06,1.105e-06,1.074e-06,1.0840000000000001e-06,9.222e-07,1.023e-06,9.526000000000001e-07,1.0129999999999999e-06,1.125e-06,9.931e-07,1.064e-06,8.512e-07,8.614e-07,8.512e-07,6.992e-07,6.283e-07,5.168e-07,4.6609999999999997e-07,4.256e-07,3.141e-07,2.635e-07
