,0,1,2,3,4,5,6,7,8,9,10,11,12,13,14,15,16,17,18,19,20,21,22,23,24,25,26,27,28,29,30,31,32,33,34,35,36,37,38,39,40,41,42,43,44,45,46,47,48,49,50,51,52,53,54,55,56,57,58,59,60,61,62,63,64,65,66,67,68,69,70,71,72,73,74,75,76,77,78,79,80,81,82,83,84,85,86,87,88,89
0,1,0.79135,0.70975,0.80917,0.6724,0.77275,0.75845,0.69068,0.69512,0.5724,0.60882,0.47039,0.44301,0.49149,0.47157,0.4043,0.27146,0.069674,0.2822,0.40574,0.065836,0.27133,0.04258,-0.31428,0.0034853,-0.041949,0.0036922,-0.33492,-0.11585,-0.20887,-0.093177,-0.25399,-0.059866,-0.076013,-0.22586,-0.35467,-0.24182,-0.10974,-0.012946,-0.1809,-0.39747,-0.32579,-0.23052,0.0016749,-0.031839,-0.20821,-0.31366,-0.033808,-0.24712,-0.18492,0.0068087,-0.2382,0.10159,-0.10834,-0.014222,0.16142,-0.15788,-0.069505,0.010687,-0.052568,-0.12172,-0.052643,-0.061167,-0.23552,-0.070759,0.12186,-0.22767,0.092188,0.028587,-0.042454,-0.14996,0.28078,-0.007866,0.068772,0.31296,-0.033128,0.070913,0.13886,0.23621,0.079599,0.35961,-0.018053,0.054061,0.035146,0.011224,-0.18083,-0.020847,-0.10743,0.27731,0.042566
1,0.79135,1,0.78556,0.76913,0.69253,0.7597,0.71941,0.53099,0.6256,0.50225,0.61123,0.51314,0.44019,0.62058,0.51357,0.45314,0.30432,0.093598,0.21922,0.48193,0.15966,0.20021,-0.010083,-0.16499,-0.020981,-0.0062014,0.047491,-0.27297,-0.0042063,-0.067278,-0.0077206,-0.3277,-0.05791,-0.1986,-0.098455,-0.26159,-0.19594,-0.081056,-0.071057,-0.20427,-0.50896,-0.27542,-0.32097,-0.038425,-0.1013,-0.19577,-0.39074,0.11763,-0.28884,-0.070153,-0.023009,-0.23967,0.12485,-0.093703,-0.16033,0.045457,-0.12492,-0.060332,-0.10677,-0.15572,-0.12358,0.05404,0.0032956,-0.050029,-0.010778,0.24067,-0.11948,0.21155,-0.16948,-0.11232,-0.14041,0.19654,-0.024948,-0.039615,0.20615,-0.036176,0.059093,0.051806,0.12083,0.095043,0.42809,-0.033564,0.012048,-0.1213,0.10514,-0.22599,0.081976,-0.013668,0.22921,0.23161
2,0.70975,0.78556,1,0.75814,0.63655,0.68723,0.69454,0.57596,0.4908,0.51217,0.4636,0.35892,0.58967,0.64505,0.57695,0.36642,0.47131,0.079941,0.35989,0.46683,0.11674,0.30737,0.20688,-0.19187,-0.0039179,-0.0089882,-0.056795,-0.30901,0.018798,-0.0067583,0.16128,-0.18736,-0.098676,-0.14098,-0.099974,-0.38226,-0.21229,-0.18939,-0.16744,-0.17741,-0.46965,-0.19415,-0.24713,-0.053524,0.0018394,-0.094408,-0.32944,0.17494,0.042248,-0.028384,-0.022214,-0.22449,0.25071,-0.17406,0.05731,0.069618,-0.12384,-0.06095,0.010032,0.031869,-0.023162,0.0042616,-0.024728,-0.01354,0.051336,0.12471,-0.20489,0.11467,-0.093922,0.012542,0.099177,0.28487,0.012719,0.070587,0.34635,-0.050958,0.19562,-0.099216,0.17896,0.060749,0.38378,0.129,0.031172,0.084699,0.28455,-0.25715,0.14289,0.034681,0.27069,0.1033
3,0.80917,0.76913,0.75814,1,0.62366,0.71371,0.71538,0.53027,0.54741,0.61151,0.49547,0.4534,0.45157,0.5643,0.51849,0.42464,0.34066,0.094665,0.25392,0.38641,0.18736,0.29268,0.091891,-0.3635,-0.10374,-0.085086,0.073603,-0.23163,-0.12693,-0.15911,0.12551,-0.19172,-0.1613,-0.27743,-0.15753,-0.29411,-0.11534,0.03743,-0.11067,-0.18522,-0.44098,-0.3548,-0.25598,-0.083121,0.0060957,-0.1386,-0.43832,-0.060299,-0.086226,-0.21418,-0.10972,-0.27071,0.089271,-0.040045,-0.079611,0.2569,-0.063161,0.084925,0.0058254,-0.10758,0.099317,-0.077446,-0.25081,-0.047437,0.041263,0.049542,-0.17556,0.17712,-0.039487,-0.11692,-0.010611,0.2041,-0.00067751,-0.023296,0.29366,-0.031225,0.099462,0.14956,-0.01384,-0.0049552,0.35605,0.083961,0.056863,0.086547,0.17949,-0.20848,0.0070187,0.039298,0.19588,0.0782
4,0.6724,0.69253,0.63655,0.62366,1,0.59759,0.67655,0.55821,0.51882,0.25375,0.5188,0.53628,0.41335,0.54431,0.40967,0.20981,0.31041,0.075285,0.13254,0.18141,0.2552,0.16048,0.087771,-0.31425,-0.052128,-0.070984,-0.066107,-0.40131,-0.070746,-0.28758,-0.089043,-0.32582,-0.076248,-0.26377,-0.20219,-0.19582,-0.25697,-0.10875,-0.1127,-0.13547,-0.52545,-0.073334,-0.43023,-0.035529,-0.24313,-0.27616,-0.41959,0.088179,-0.17858,-0.2397,0.037267,-0.17766,0.14727,-0.092627,-0.079808,0.060018,-0.12758,-0.15374,-0.024579,-0.071731,-0.30532,0.00073299,-0.22011,-0.017728,-0.10409,0.24844,0.027776,0.095982,-0.074527,-0.020245,-0.13576,0.18573,-0.096499,0.22449,0.34499,-0.17163,0.012063,-0.055387,0.16949,-0.11999,0.53964,0.0094434,0.050239,0.027516,0.21045,-0.19836,-0.013477,-0.11131,0.25429,0.19766
5,0.77275,0.7597,0.68723,0.71371,0.59759,1,0.63923,0.58389,0.61127,0.52755,0.47934,0.42619,0.23871,0.5091,0.40083,0.37185,0.31345,0.078474,0.28467,0.29353,0.19227,0.40479,0.12537,-0.28082,-0.097711,-0.07674,-0.058628,-0.24736,-0.060546,-0.18986,-0.011694,-0.17693,-0.071803,-0.2341,-0.1282,-0.26693,-0.16714,-0.13815,0.070559,-0.28849,-0.39657,-0.22261,-0.16795,0.046498,-0.04279,0.0014608,-0.33093,0.19373,-0.1799,-0.24978,0.096274,-0.24975,0.13391,-0.091751,0.0011608,-0.059904,-0.071572,0.073159,-0.021083,-0.13768,-0.10878,-0.067042,-0.12139,-0.067096,-0.095402,0.071502,-0.1941,-0.0040874,-0.15084,-0.22013,-0.13203,0.3759,0.011265,0.029509,0.19631,0.019246,0.12498,-0.059268,0.084111,0.0102,0.21248,0.012767,-0.040411,0.033205,0.075249,-0.22641,0.052346,-0.091843,0.26073,0.16881
6,0.75845,0.71941,0.69454,0.71538,0.67655,0.63923,1,0.58127,0.46371,0.51965,0.45265,0.46594,0.57926,0.5129,0.51583,0.28213,0.27947,0.060513,0.36363,0.43737,0.21357,0.085077,0.055161,-0.30974,0.01544,0.052086,-0.08922,-0.15764,0.039823,-0.16356,0.0026278,-0.24041,0.03577,-0.17894,-0.21528,-0.24794,-0.073138,-0.067481,-0.27393,-0.15288,-0.35654,-0.32369,-0.2253,0.019067,-0.080912,-0.16241,-0.31749,0.050227,-0.2643,-0.23576,-0.11069,-0.34952,0.17951,-0.16504,-0.082604,0.1809,-0.099872,-0.090672,0.21554,-0.26438,-0.25672,0.11517,0.042891,0.030705,0.050301,0.11204,-0.25306,0.18079,0.068951,0.13265,-0.098593,0.27478,0.028217,0.13212,0.2586,-0.082616,0.080323,0.15077,0.2329,0.13743,0.40505,-0.025948,-0.055984,0.093105,0.11682,-0.33205,0.031912,0.022235,0.43041,0.10959
7,0.69068,0.53099,0.57596,0.53027,0.55821,0.58389,0.58127,1,0.44217,0.43147,0.43307,0.37008,0.53432,0.45826,0.27851,0.27879,0.24375,-0.039187,0.22218,0.30166,0.28138,0.15078,0.12359,-0.22043,-0.10113,0.1502,-0.025466,-0.16268,0.00045458,-0.11572,-0.15319,-0.24933,0.11044,0.11994,-0.15768,-0.24887,-0.20142,-0.13933,0.09222,-0.23863,-0.2355,-0.060256,0.079525,-0.096994,-0.28523,-0.24065,-0.37426,-0.13863,-0.19498,-0.2282,0.0083897,-0.3239,0.039036,-0.13518,-0.072502,0.033242,-0.21825,-0.13893,-0.023844,0.002395,-0.1921,-0.16717,-0.080745,-0.15829,-0.1625,0.10975,-0.24908,-0.14273,-0.037409,-0.11628,0.16832,0.14198,-0.075145,0.23963,0.2461,-0.16264,-0.18628,0.093234,0.22696,-0.08585,0.10235,0.061563,0.10688,0.10761,0.010821,-0.22232,-0.023762,-0.049721,0.36161,0.13029
8,0.69512,0.6256,0.4908,0.54741,0.51882,0.61127,0.46371,0.44217,1,0.43458,0.49018,0.3828,0.32967,0.4665,0.31761,0.4456,0.35767,0.030517,0.21118,0.26307,0.059934,0.13401,0.07959,0.029155,-0.1285,-0.036421,0.15217,-0.47512,-0.056075,-0.12073,-0.20856,-0.19521,-0.042794,-0.073887,-0.22558,-0.090554,-0.10014,0.10388,0.12787,-0.0017184,-0.18863,-0.063628,-0.13341,0.11789,-0.16596,-0.23357,-0.22582,0.039303,-0.14208,-0.21337,0.17029,-0.22894,-0.13925,-0.060729,-0.070535,-0.16645,-0.021825,0.052646,0.080822,-0.029759,-0.20084,0.13543,0.085922,-0.025795,0.093603,0.19649,-0.057619,0.075054,-0.15546,0.014436,-0.20951,-0.018657,-0.22215,-0.084241,0.1585,0.13234,0.02151,0.097629,0.14432,-0.10537,0.054521,-0.019261,0.070628,-0.15929,0.077656,-0.026451,0.038941,0.079825,0.10261,0.085397
9,0.5724,0.50225,0.51217,0.61151,0.25375,0.52755,0.51965,0.43147,0.43458,1,0.29202,0.27603,0.44506,0.47392,0.28174,0.24041,0.32241,0.33765,0.19859,0.37643,0.13021,0.49798,0.13794,-0.19749,-0.12219,-0.073184,0.058351,0.07292,0.1724,-0.16431,-0.16634,0.12176,0.026236,0.065355,0.19682,-0.12429,0.035655,-0.11911,0.059057,-0.095654,-0.014353,-0.14908,-0.011605,0.060618,0.05524,0.094445,-0.39931,0.17487,-0.20905,-0.012851,0.046428,-0.28741,0.20005,0.14303,0.032354,0.16885,-0.032537,0.36747,0.026294,-0.17995,0.055625,0.14683,0.019564,0.1566,0.018768,-0.007752,-0.12286,0.10667,0.045695,-0.036896,0.058554,0.12382,0.010662,-0.066568,0.33753,0.043531,0.25636,0.20648,0.14268,0.15012,0.017369,0.16171,-0.060961,0.13002,0.10321,0.0213,0.037684,0.058331,0.025419,0.017627
10,0.60882,0.61123,0.4636,0.49547,0.5188,0.47934,0.45265,0.43307,0.49018,0.29202,1,0.38784,0.34317,0.3359,0.29608,0.12831,0.2487,0.077147,0.262,0.21985,-0.013831,0.1496,0.0013347,-0.10831,0.096651,0.086616,-0.038191,-0.19641,-0.11128,-0.17798,-0.058806,-0.22629,-0.070342,0.0394,-0.0068847,-0.16907,-0.23199,0.023087,0.019348,0.063745,-0.46086,-0.059141,-0.16941,0.054816,-0.10716,-0.30778,-0.40563,-0.092016,-0.23336,0.020215,0.04112,-0.14453,0.12394,-0.041733,-0.237,-0.18253,0.17131,-0.098508,0.089469,0.0064498,-0.10621,-0.057318,-0.12181,-0.061835,-0.09034,0.0089301,-0.010376,0.020172,-0.21294,-0.12862,-0.051314,0.040844,0.083841,-0.22421,0.062223,-0.040034,0.20789,-0.01277,0.22915,0.20279,0.29423,0.030703,-0.052174,-0.1622,0.058642,-0.30187,-0.10033,-0.019196,0.33704,0.28942
11,0.47039,0.51314,0.35892,0.4534,0.53628,0.42619,0.46594,0.37008,0.3828,0.27603,0.38784,1,0.25535,0.43805,0.061903,0.21818,0.25053,0.045642,0.16187,0.045565,0.41087,0.087475,-0.12859,-0.06063,-0.012818,0.06089,0.013003,-0.26803,-0.095379,-0.12281,-0.011606,-0.15883,0.019809,0.01262,-0.015305,0.1202,-0.23488,0.09084,0.018688,0.019345,-0.55466,-0.0081187,-0.18355,0.036745,-0.26752,0.03271,-0.10554,-0.14964,-0.22587,-0.1747,-0.095543,-0.28128,0.31623,0.058611,-0.080531,0.04431,0.0057089,-0.083961,0.07917,-0.22726,-0.20452,-0.14527,-0.11977,0.0029067,-0.075458,-0.020796,0.20617,0.15693,-0.10515,0.058873,-0.067702,0.093663,0.13872,0.076704,0.22683,-0.048321,0.044865,0.0261,0.0052557,-0.080191,0.21525,-0.064269,-0.16683,-0.037886,0.12236,-0.1851,-0.029283,-0.089347,0.09137,-0.050514
12,0.44301,0.44019,0.58967,0.45157,0.41335,0.23871,0.57926,0.53432,0.32967,0.44506,0.34317,0.25535,1,0.51126,0.20577,0.17407,0.068219,0.24735,0.47612,0.31828,0.12326,0.076072,0.20819,0.023204,-0.1576,0.15244,0.080311,0.017356,0.065802,-0.13125,0.038685,-0.15992,-0.015278,0.051608,-0.1554,-0.18799,-0.13825,0.00061899,-0.22263,-0.051404,-0.26196,0.012848,-0.11026,0.10184,-0.11059,-0.25107,-0.15428,-0.018285,-0.11227,-0.066662,-0.077199,-0.1643,0.15519,-0.16229,-0.17448,0.10082,-0.070805,-0.21559,0.14455,0.067771,-0.28013,0.23281,-0.011423,0.11911,-0.016647,0.04931,-0.090192,0.22824,0.052335,0.21772,0.25909,-0.0036396,-0.039229,0.10258,0.20932,0.0057809,0.12611,0.033306,0.32989,0.10875,0.12577,0.1175,0.13982,0.31299,0.21024,-0.17778,-0.076832,0.19646,0.41567,0.16818
13,0.49149,0.62058,0.64505,0.5643,0.54431,0.5091,0.5129,0.45826,0.4665,0.47392,0.3359,0.43805,0.51126,1,0.37535,0.32167,0.34071,0.059165,0.19469,0.26065,0.0088433,0.21208,0.28544,-0.13904,-0.10755,-0.071289,0.11918,-0.1845,0.1333,-0.068158,-0.074268,-0.1996,0.016373,-0.054251,0.20131,-0.206,-0.082375,0.082095,-0.018313,-0.18305,-0.47991,-0.04661,-0.25128,0.022029,-0.098635,-0.22302,-0.36051,-0.14114,-0.2265,0.028661,-0.13534,-0.26492,0.17846,-0.20939,-0.21247,0.093588,0.020902,0.084334,0.13726,-0.2252,0.024324,0.070645,0.063816,0.097459,0.063643,0.19547,-0.13899,0.22033,-0.10852,-0.097848,0.035251,0.1177,0.060849,-0.015649,0.18075,-0.049764,0.036605,0.16973,0.19388,0.044535,0.1283,0.069951,0.092325,0.19937,0.16568,-0.075566,0.060346,0.15614,0.17448,0.08822
14,0.47157,0.51357,0.57695,0.51849,0.40967,0.40083,0.51583,0.27851,0.31761,0.28174,0.29608,0.061903,0.20577,0.37535,1,0.26658,0.36332,0.098464,-0.093413,0.34903,-0.065382,0.057609,0.16217,-0.35469,-0.11299,-0.03428,-0.057793,-0.2324,-0.0056318,0.18035,-0.094838,-0.017294,0.027492,-0.24273,0.022002,-0.23827,0.086169,-0.002784,-0.21414,-0.22763,-0.18038,-0.35349,-0.1512,0.0001093,-0.17233,-0.19221,-0.2844,0.028845,-0.061863,0.082272,-0.19531,-0.28801,-0.090262,-0.11592,-0.045957,0.084773,-0.02786,0.085707,0.04455,-0.11408,0.031283,0.14126,0.034794,-0.13759,0.058741,0.14931,-0.26623,0.070058,0.12524,0.082329,-0.0058059,0.34152,-0.11599,-0.1246,0.20653,-0.10421,0.036833,0.26168,0.1035,0.077073,0.24464,-0.19582,0.15275,-0.14776,-0.080582,-0.02108,0.067998,-0.087256,0.2825,-0.12158
15,0.4043,0.45314,0.36642,0.42464,0.20981,0.37185,0.28213,0.27879,0.4456,0.24041,0.12831,0.21818,0.17407,0.32167,0.26658,1,0.25445,0.17999,0.065853,0.3513,0.057562,-0.11604,0.18471,0.010786,0.073359,-0.075244,0.20872,-0.086003,-0.091242,0.048413,-0.117,-0.46935,-0.20165,0.02313,-0.089239,-0.42136,0.21982,0.060793,-0.031684,0.10798,-0.086037,-0.31066,0.1186,-0.012883,-0.21015,-0.010212,-0.0043932,-0.12941,-0.061187,0.065652,-0.050244,-0.30394,-0.050907,-0.0053212,0.076199,-0.036555,-0.24532,0.05596,-0.34829,-0.039987,-0.07852,0.038111,0.083951,-0.22681,0.059351,0.14586,-0.023096,0.048432,0.23609,0.056158,0.026148,0.11413,-0.17293,0.10694,0.0059518,0.050153,0.1092,0.20749,-0.17932,-0.10014,0.018966,0.070564,-0.10283,-0.0075028,-0.13013,0.14707,-0.14738,0.078043,0.12859,-0.0054873
16,0.27146,0.30432,0.47131,0.34066,0.31041,0.31345,0.27947,0.24375,0.35767,0.32241,0.2487,0.25053,0.068219,0.34071,0.36332,0.25445,1,0.021425,0.025629,0.33242,0.19598,0.19679,-0.19161,-0.16826,-0.08616,-0.19375,-0.31428,-0.47484,-0.12011,0.11324,-0.10024,-0.098898,0.11957,0.13334,-0.11286,-0.14054,-0.10761,-0.096343,-0.018495,0.11635,-0.14845,-0.009563,0.05148,-0.21932,-0.12974,-0.14409,-0.30896,0.010828,0.02742,0.020561,-0.052543,-0.17172,-0.031927,0.059357,0.22948,-0.13837,0.081921,0.045242,0.091873,-0.15022,0.085891,-0.01951,-0.12881,0.11929,0.0341,0.13541,0.10999,-0.011319,-0.17877,0.029056,0.11475,0.062665,-0.095216,-0.13425,-0.032203,-0.10859,0.16471,-0.038216,-0.013284,-0.17851,0.14144,0.12392,-0.22913,-0.17643,0.22417,-0.13981,0.14072,0.19841,0.0041066,0.07541
17,0.069674,0.093598,0.079941,0.094665,0.075285,0.078474,0.060513,-0.039187,0.030517,0.33765,0.077147,0.045642,0.24735,0.059165,0.098464,0.17999,0.021425,1,0.2858,0.29596,0.19984,0.043976,0.080584,0.10726,-0.12905,-0.065418,0.2865,0.19975,-0.05625,-0.071271,-0.12669,-0.25594,-0.02362,0.030267,0.23375,-0.073915,0.060307,0.12097,-0.087783,-0.014855,0.065212,0.045688,-0.010361,0.1874,-0.048946,0.10195,-0.056389,0.19528,0.038574,0.16443,-0.055933,0.093512,0.22234,0.20497,0.016998,-0.088113,0.086843,-0.09235,-0.10098,0.10138,-0.39578,0.19239,-0.15992,-0.030425,-0.09963,0.063524,0.29985,0.10095,0.42288,0.2309,0.073638,0.15498,-0.13265,-0.048426,0.051206,-0.084809,0.28958,-0.034267,0.15841,0.16233,-0.047074,0.16569,0.10755,0.23466,-0.068038,0.27996,-0.15128,0.0044599,0.14662,0.065638
18,0.2822,0.21922,0.35989,0.25392,0.13254,0.28467,0.36363,0.22218,0.21118,0.19859,0.262,0.16187,0.47612,0.19469,-0.093413,0.065853,0.025629,0.2858,1,0.29866,0.11891,0.13624,0.14562,0.19866,0.24604,0.091124,0.1073,0.048957,-0.052604,-0.05808,0.099305,-0.23361,0.01684,0.092622,-0.22537,-0.10343,-0.29922,0.22138,-0.2845,-0.15089,-0.25267,0.04294,0.11601,0.065402,0.29948,0.022771,-0.096998,-0.017985,0.09055,-0.24589,-0.026477,-0.0078255,0.18939,0.056322,0.052434,0.053929,0.1432,-0.34054,0.13346,0.10184,-0.22027,-0.010577,-0.06802,-0.05529,0.22163,-0.26518,-0.068243,-0.050983,-0.05778,0.17269,-0.037961,0.17186,0.1778,-0.13185,0.012083,0.12889,0.22002,-0.15758,0.12382,0.13045,0.17875,0.036195,0.0038428,0.24966,0.087312,-0.38799,-0.018161,0.2136,0.37734,0.24874
19,0.40574,0.48193,0.46683,0.38641,0.18141,0.29353,0.43737,0.30166,0.26307,0.37643,0.21985,0.045565,0.31828,0.26065,0.34903,0.3513,0.33242,0.29596,0.29866,1,0.11404,-0.00071627,0.043346,0.055021,0.036701,0.041661,0.087052,0.017582,-0.040236,0.089088,-0.021842,-0.27602,0.20882,0.064296,-0.076646,-0.23405,-0.030643,-0.24166,-0.23312,0.073033,0.036926,-0.28699,0.011183,-0.033956,0.083352,-0.20337,-0.3298,0.013779,-0.16252,0.21225,-0.0089893,0.14443,0.10529,0.17626,0.14524,0.23176,-0.094943,-0.038599,0.082328,-0.11931,-0.096552,0.19691,0.074898,-0.18825,0.34477,0.10013,-0.26472,0.33659,0.14983,0.020442,0.1692,0.28642,-0.072517,-0.04284,0.18524,-0.33575,0.0095567,0.1851,0.089088,0.077616,0.34611,-0.099311,0.11636,-0.013446,0.046288,-0.27567,0.11252,0.16913,0.25759,0.092183
20,0.065836,0.15966,0.11674,0.18736,0.2552,0.19227,0.21357,0.28138,0.059934,0.13021,-0.013831,0.41087,0.12326,0.0088433,-0.065382,0.057562,0.19598,0.19984,0.11891,0.11404,1,-0.02706,-0.13623,-0.21171,-0.066289,0.061831,-0.22005,-0.19625,-0.10238,0.054966,-0.015685,-0.13769,0.13072,-0.092419,-0.13168,0.13487,-0.07983,-0.039929,-0.058837,-0.12564,0.0043615,0.029363,0.14175,-0.31054,-0.18034,0.042255,-0.22411,0.13185,0.1147,-0.234,-0.085251,-0.11605,0.12947,0.07133,-0.14508,-0.121,-0.18032,-0.12713,-0.12557,-0.091494,-0.31141,-0.058203,-0.34597,0.18245,-0.16092,-0.097974,0.038127,0.15239,-0.090775,0.064046,0.19758,-0.059836,-0.17059,0.218,0.16718,0.063026,-0.12467,0.041981,-0.097946,-0.31786,0.074448,0.059171,0.047915,-0.026228,0.10287,-0.2041,-0.15204,0.030359,0.058352,0.13045
21,0.27133,0.20021,0.30737,0.29268,0.16048,0.40479,0.085077,0.15078,0.13401,0.49798,0.1496,0.087475,0.076072,0.21208,0.057609,-0.11604,0.19679,0.043976,0.13624,-0.00071627,-0.02706,1,0.10507,-0.25325,-0.20585,-0.10948,-0.19541,-0.041757,0.0236,0.01078,-0.023813,0.22783,0.024484,0.026976,0.11078,-0.029017,-0.19222,-0.29666,0.16404,-0.27079,-0.18568,-0.054512,-0.096087,-0.07207,0.28058,-0.0099399,-0.3138,0.1761,-0.002157,0.028157,0.02749,-0.16622,0.066706,0.16962,0.076127,0.01638,0.21805,0.19254,-0.1101,-0.13397,0.18936,0.11528,-0.25861,0.068314,-0.21832,-0.11419,0.14073,0.0018806,-0.088318,-0.24567,-0.051464,0.30243,0.040615,0.0091043,0.24995,-0.00081526,0.3372,-0.35597,-0.11818,0.12549,0.13836,0.087481,-0.0083724,0.085563,-0.023954,0.058547,0.074487,-0.076406,-0.080119,0.24247
22,0.04258,-0.010083,0.20688,0.091891,0.087771,0.12537,0.055161,0.12359,0.07959,0.13794,0.0013347,-0.12859,0.20819,0.28544,0.16217,0.18471,-0.19161,0.080584,0.14562,0.043346,-0.13623,0.10507,1,0.034164,0.021897,0.16834,0.083085,0.19149,0.3857,-0.20611,0.13626,-0.014697,0.097671,0.037602,0.31084,-0.036738,0.20678,-0.042236,-0.085172,-0.23391,-0.033886,-0.037432,-0.039557,0.11949,0.089893,0.17216,-0.071115,0.19926,-0.012382,0.099533,-0.025122,-0.22209,0.22199,0.032278,0.045296,-0.055503,-0.27496,0.31309,-0.041554,0.062629,-0.11609,6.9345e-05,0.044569,-0.13225,0.09817,-0.066794,-0.34829,0.01149,0.071742,0.10404,0.045107,0.3162,0.12427,0.27468,0.32288,0.19455,0.15934,0.11606,-0.040693,0.0071496,0.030802,0.098816,0.28675,0.32564,0.051112,0.050785,-0.16593,0.050043,0.13422,-0.040925
23,-0.31428,-0.16499,-0.19187,-0.3635,-0.31425,-0.28082,-0.30974,-0.22043,0.029155,-0.19749,-0.10831,-0.06063,0.023204,-0.13904,-0.35469,0.010786,-0.16826,0.10726,0.19866,0.055021,-0.21171,-0.25325,0.034164,1,-0.056964,0.018313,0.44425,0.16154,0.19904,-0.0053613,0.20836,-0.046894,0.082059,0.25563,0.011062,0.32945,0.16986,0.36024,-0.11616,0.29467,0.043955,0.28133,0.24534,0.11094,-0.019106,0.10906,0.35252,0.04049,0.027554,-0.013347,0.076421,0.20859,0.05266,-0.0050533,0.095542,-0.17426,0.086683,-0.22918,0.16004,-0.019181,-0.30064,0.04099,0.35963,0.0074092,0.3027,0.033846,0.27636,0.033017,-0.084978,0.0099033,0.011351,-0.20148,0.0088315,-0.18319,-0.014355,0.064936,-0.092701,-0.11625,-0.0024905,-0.014542,-0.23361,-0.18205,-0.13556,-0.09587,0.088582,0.092237,0.32806,0.20811,-0.16181,0.085961
24,0.0034853,-0.020981,-0.0039179,-0.10374,-0.052128,-0.097711,0.01544,-0.10113,-0.1285,-0.12219,0.096651,-0.012818,-0.1576,-0.10755,-0.11299,0.073359,-0.08616,-0.12905,0.24604,0.036701,-0.066289,-0.20585,0.021897,-0.056964,1,-0.027284,-0.036508,0.11084,0.012925,0.21525,0.058833,-0.14851,-0.15834,-0.0058694,0.054788,-0.31742,-0.31567,-0.12305,-0.13417,0.11192,-0.02709,0.011443,0.16855,0.097386,0.29334,0.22537,0.026692,-0.13742,0.21177,0.1365,0.062549,0.14751,0.11806,0.20917,0.22,0.041379,-0.065479,-0.084947,-0.11748,0.088168,0.13537,-0.079546,0.18598,-0.092078,0.38782,-0.27169,-0.15676,-0.1766,0.074099,0.03991,-0.18402,-0.038553,-0.024317,-0.099313,0.049205,0.032102,-0.068625,-0.06268,0.19804,0.12405,0.18146,-0.012256,-0.062606,0.13891,-0.081975,-0.25793,-0.013008,0.026663,-0.14943,-0.17636
25,-0.041949,-0.0062014,-0.0089882,-0.085086,-0.070984,-0.07674,0.052086,0.1502,-0.036421,-0.073184,0.086616,0.06089,0.15244,-0.071289,-0.03428,-0.075244,-0.19375,-0.065418,0.091124,0.041661,0.061831,-0.10948,0.16834,0.018313,-0.027284,1,-0.090452,-0.024657,0.17508,-0.07176,-0.015133,-0.02579,0.24512,0.092211,0.1833,0.21436,-0.053422,0.022987,0.035962,-0.18356,0.18326,0.12807,0.067445,-0.1016,-0.14099,-0.13846,-0.17028,0.24259,0.061843,-0.021476,0.22057,0.1508,0.0029973,0.074591,-0.21396,-0.098644,-0.17541,-0.047587,0.21022,0.20988,-0.096456,0.055106,0.20278,0.20872,-0.032642,0.0080549,-0.33839,-0.11196,0.05163,0.21057,0.061217,0.17265,0.070556,0.37711,-0.027486,0.05763,-0.090482,-0.15677,0.25686,-0.038262,-0.074224,0.20708,0.071651,0.13745,-0.11829,-0.29847,0.042892,-0.017217,0.17644,-0.13026
26,0.0036922,0.047491,-0.056795,0.073603,-0.066107,-0.058628,-0.08922,-0.025466,0.15217,0.058351,-0.038191,0.013003,0.080311,0.11918,-0.057793,0.20872,-0.31428,0.2865,0.1073,0.087052,-0.22005,-0.19541,0.083085,0.44425,-0.036508,-0.090452,1,0.26531,-0.020118,-0.016262,0.15409,-0.14938,-0.16566,-0.048013,0.19841,0.080641,0.2765,0.3768,-0.14341,0.16749,0.016833,0.12527,0.056576,0.31912,0.020345,0.099671,0.25606,-0.22921,0.22337,0.025433,0.037671,0.083739,-0.017008,0.035596,0.13369,0.17413,0.13369,-0.023608,0.10675,0.11664,-0.1445,0.023615,0.19062,-0.22001,0.33119,0.073095,0.086424,-0.010043,0.044298,0.0046881,0.11614,0.0038302,-0.17155,-0.22559,0.13591,-0.2073,-0.14964,0.26228,-0.040378,0.046715,-0.29745,-0.16272,-0.0034134,0.13082,-0.019549,0.30826,-0.018349,-0.017537,-0.058656,-0.045872
27,-0.33492,-0.27297,-0.30901,-0.23163,-0.40131,-0.24736,-0.15764,-0.16268,-0.47512,0.07292,-0.19641,-0.26803,0.017356,-0.1845,-0.2324,-0.086003,-0.47484,0.19975,0.048957,0.017582,-0.19625,-0.041757,0.19149,0.16154,0.11084,-0.024657,0.26531,1,0.19011,-0.098649,0.10995,-0.014007,-0.010551,-0.058237,0.29778,-0.047817,0.29462,0.026657,-0.096105,0.095095,0.16889,-0.099368,0.16674,0.41044,0.32142,0.37028,0.18556,-0.075799,-0.14001,0.19232,0.075511,-0.057932,0.15704,0.22779,0.16291,0.24808,0.16734,0.1529,-0.21775,-0.070896,0.069649,0.23297,0.16897,-0.060836,0.087479,-0.20905,-0.022775,-0.053334,0.187,-0.1076,0.1322,0.045124,0.06405,-0.10876,-0.027107,-0.15713,0.084811,-0.013304,-0.21828,0.41358,-0.23767,-0.12883,-0.02417,0.096377,-0.18697,0.077782,-0.18805,-0.15624,0.088609,-0.10024
28,-0.11585,-0.0042063,0.018798,-0.12693,-0.070746,-0.060546,0.039823,0.00045458,-0.056075,0.1724,-0.11128,-0.095379,0.065802,0.1333,-0.0056318,-0.091242,-0.12011,-0.05625,-0.052604,-0.040236,-0.10238,0.0236,0.3857,0.19904,0.012925,0.17508,-0.020118,0.19011,1,-0.10536,0.091674,-0.0024732,0.18872,0.03375,0.36731,0.080023,0.06357,0.021664,-0.094846,-0.15821,-0.016024,-0.020484,-0.013739,-0.064824,-0.12572,0.22302,-0.10083,0.19828,-0.18078,-0.11729,-0.030798,-0.0086081,0.24529,-0.11105,-0.15677,-0.1769,-0.23152,0.19405,-0.0092348,0.094989,0.091067,0.17859,0.3665,0.21515,0.06842,-0.08434,-0.23578,0.05823,-0.013337,-0.09055,-0.14771,-0.16553,0.017853,0.21513,0.11429,0.094919,0.029712,-0.036239,0.15494,0.0132,0.0043528,0.22211,-0.020672,0.17874,-0.092526,-0.019191,0.18651,0.23292,-0.17059,0.13147
29,-0.20887,-0.067278,-0.0067583,-0.15911,-0.28758,-0.18986,-0.16356,-0.11572,-0.12073,-0.16431,-0.17798,-0.12281,-0.13125,-0.068158,0.18035,0.048413,0.11324,-0.071271,-0.05808,0.089088,0.054966,0.01078,-0.20611,-0.0053613,0.21525,-0.07176,-0.016262,-0.098649,-0.10536,1,0.12064,-0.021464,0.14244,0.098868,0.16221,0.04301,-0.12,-0.0085701,0.15874,-0.062881,0.12279,-0.14367,0.28431,0.0058582,0.046667,-0.098107,-0.037285,-0.29563,0.28404,0.22068,-0.35401,0.0086587,-0.2635,0.22653,-0.13508,-0.10114,0.1603,-0.17646,-0.10525,-0.0035333,0.11779,0.17389,0.033845,0.22084,0.038632,-0.022566,0.14879,0.25896,0.049889,-0.041824,0.012287,-0.062004,-0.36388,-0.094672,-0.090246,-0.10431,-0.22359,-0.069703,0.1194,-0.010849,-0.11941,-0.081019,0.16755,-0.02383,-0.18821,0.25744,-0.031883,0.17996,-0.25701,-0.010414
30,-0.093177,-0.0077206,0.16128,0.12551,-0.089043,-0.011694,0.0026278,-0.15319,-0.20856,-0.16634,-0.058806,-0.011606,0.038685,-0.074268,-0.094838,-0.117,-0.10024,-0.12669,0.099305,-0.021842,-0.015685,-0.023813,0.13626,0.20836,0.058833,-0.015133,0.15409,0.10995,0.091674,0.12064,1,-0.14069,-0.12828,-0.19916,0.10703,0.0022939,-0.070544,0.12467,-0.33074,0.1528,-0.13351,-0.07164,-0.050337,0.054561,0.29328,0.16694,0.2754,-0.001459,0.35824,-0.067423,-0.181,0.18057,0.13549,0.085925,0.08553,-0.0041314,0.06182,-0.21625,0.09069,-0.05208,-0.046452,-0.17151,-0.15744,0.096189,0.06605,-0.058237,0.017632,0.14939,-0.15972,-0.027111,0.13953,0.16289,0.0053117,0.093587,0.21513,0.12471,0.089066,-0.26764,-0.0016583,0.13923,0.05178,0.11246,0.12956,0.18998,0.13804,-0.18818,-0.083508,0.10076,-0.298,0.026921
31,-0.25399,-0.3277,-0.18736,-0.19172,-0.32582,-0.17693,-0.24041,-0.24933,-0.19521,0.12176,-0.22629,-0.15883,-0.15992,-0.1996,-0.017294,-0.46935,-0.098898,-0.25594,-0.23361,-0.27602,-0.13769,0.22783,-0.014697,-0.046894,-0.14851,-0.02579,-0.14938,-0.014007,-0.0024732,-0.021464,-0.14069,1,0.0716,0.017282,0.058792,0.23932,0.22923,-0.23177,0.074828,-0.09201,0.22552,0.14935,0.045716,-0.041924,0.16077,0.13758,0.11082,0.15338,0.085804,0.11488,0.023112,-0.040478,-0.038153,-0.085155,0.137,0.21836,0.062461,0.32628,0.24106,0.077188,0.29682,-0.093959,-0.0012318,0.074138,0.08313,-0.16043,-0.11077,0.017859,-0.28631,-0.17478,0.11383,-0.011325,0.33319,-0.29372,0.11946,0.1508,-0.098062,0.15432,-0.0012837,-0.10664,-0.2138,-0.028152,-0.24847,-0.020066,0.34626,-0.029191,0.33209,-0.057269,-0.050069,-0.30483
32,-0.059866,-0.05791,-0.098676,-0.1613,-0.076248,-0.071803,0.03577,0.11044,-0.042794,0.026236,-0.070342,0.019809,-0.015278,0.016373,0.027492,-0.20165,0.11957,-0.02362,0.01684,0.20882,0.13072,0.024484,0.097671,0.082059,-0.15834,0.24512,-0.16566,-0.010551,0.18872,0.14244,-0.12828,0.0716,1,0.30386,0.03456,0.4357,-0.02567,-0.033238,0.11215,-0.24044,-0.018488,0.23242,0.070003,-0.21353,0.082684,-0.086468,-0.1344,0.023914,-0.32409,-0.07089,-0.02968,0.051968,-0.19873,0.072006,-0.034849,-0.032021,-0.32137,-0.0086363,0.343,-0.13628,-0.28244,0.10935,0.087997,0.045811,-0.0051325,0.17944,-0.0019863,0.17593,-0.042571,-0.086473,0.02925,-0.0087349,-0.069929,0.2511,0.058841,-0.14202,-0.15778,0.076252,0.043274,0.1581,-0.13818,-0.26284,-0.058312,-0.12844,-0.10789,-0.062601,0.17822,0.15983,0.05414,0.0027853
33,-0.076013,-0.1986,-0.14098,-0.27743,-0.26377,-0.2341,-0.17894,0.11994,-0.073887,0.065355,0.0394,0.01262,0.051608,-0.054251,-0.24273,0.02313,0.13334,0.030267,0.092622,0.064296,-0.092419,0.026976,0.037602,0.25563,-0.0058694,0.092211,-0.048013,-0.058237,0.03375,0.098868,-0.19916,0.017282,0.30386,1,0.089647,0.11242,0.014059,-0.082982,0.23707,0.026558,0.13344,0.17245,0.22489,-0.18769,-0.14078,-0.071687,-0.015308,-0.10586,-0.20909,0.1242,-0.18154,-0.039781,-0.030058,0.11042,0.069992,-0.18666,-0.20993,0.069277,0.0318,0.073188,-0.20383,-0.10687,0.1716,-0.083037,-0.023461,-0.1734,0.19572,-0.02482,-0.027576,0.23957,0.21363,0.021698,0.14647,0.10886,-0.24997,0.19371,0.1304,0.10527,0.085828,0.060178,-0.12922,-0.095536,-0.22026,-0.082805,-0.21852,0.22217,0.061191,0.16421,0.014072,0.17184
34,-0.22586,-0.098455,-0.099974,-0.15753,-0.20219,-0.1282,-0.21528,-0.15768,-0.22558,0.19682,-0.0068847,-0.015305,-0.1554,0.20131,0.022002,-0.089239,-0.11286,0.23375,-0.22537,-0.076646,-0.13168,0.11078,0.31084,0.011062,0.054788,0.1833,0.19841,0.29778,0.36731,0.16221,0.10703,0.058792,0.03456,0.089647,1,0.13519,0.15567,0.05182,0.091003,-0.054667,0.14483,0.070906,0.037447,0.31661,-0.091606,0.26499,-0.16786,0.04677,0.091413,0.35785,-0.14135,0.065334,0.19451,0.2085,-0.059808,0.016979,0.15305,0.25126,-0.05644,-0.089455,0.1373,0.0071584,0.079466,0.26715,-0.097262,0.097507,-0.049679,0.11937,0.058043,0.053685,0.070169,0.15176,0.11082,0.019494,0.16523,0.013507,0.21787,0.11738,0.23044,0.19614,-0.27473,0.27054,0.21793,0.14933,-0.16552,0.24902,-0.14331,0.028421,-0.30404,-0.1245
35,-0.35467,-0.26159,-0.38226,-0.29411,-0.19582,-0.26693,-0.24794,-0.24887,-0.090554,-0.12429,-0.16907,0.1202,-0.18799,-0.206,-0.23827,-0.42136,-0.14054,-0.073915,-0.10343,-0.23405,0.13487,-0.029017,-0.036738,0.32945,-0.31742,0.21436,0.080641,-0.047817,0.080023,0.04301,0.0022939,0.23932,0.4357,0.11242,0.13519,1,0.052064,0.40331,0.099025,0.017098,0.10632,0.38173,-0.086865,0.10125,-0.14865,0.054196,0.066286,0.15164,-0.14693,-0.3008,-0.089407,0.18262,-0.0090202,0.26201,-0.16799,-0.096529,-0.054349,0.17234,0.38839,-0.14125,-0.13095,0.013178,-0.011297,0.33374,0.11056,0.17477,0.17346,0.13005,-0.26724,0.042667,-0.065847,-0.26523,0.101,0.071572,0.081331,0.073356,-0.18389,0.1161,-0.092195,-0.070367,-0.19788,-0.30307,-0.017328,-0.27294,0.16783,0.12723,-0.031799,-0.0093901,-0.25042,0.057093
36,-0.24182,-0.19594,-0.21229,-0.11534,-0.25697,-0.16714,-0.073138,-0.20142,-0.10014,0.035655,-0.23199,-0.23488,-0.13825,-0.082375,0.086169,0.21982,-0.10761,0.060307,-0.29922,-0.030643,-0.07983,-0.19222,0.20678,0.16986,-0.31567,-0.053422,0.2765,0.29462,0.06357,-0.12,-0.070544,0.22923,-0.02567,0.014059,0.15567,0.052064,1,0.13497,-0.067457,0.048874,0.40796,-0.35492,0.18454,0.11085,-0.069644,0.056332,0.2832,0.084416,0.043707,0.19365,-0.11875,-0.28334,0.020217,-0.13439,0.01458,0.10477,-0.045018,0.27295,0.039155,-0.17055,-0.10403,0.16944,0.11209,-0.013324,-0.03359,0.038246,-0.16069,0.1279,0.016918,-0.062,0.30934,0.11117,-0.053258,-0.13395,-0.094747,-0.051805,-0.042594,0.31947,-0.2556,-0.10281,-0.3551,-0.045122,-0.2501,-0.045144,0.070526,0.22373,0.023526,-0.10484,0.059345,-0.28817
37,-0.10974,-0.081056,-0.18939,0.03743,-0.10875,-0.13815,-0.067481,-0.13933,0.10388,-0.11911,0.023087,0.09084,0.00061899,0.082095,-0.002784,0.060793,-0.096343,0.12097,0.22138,-0.24166,-0.039929,-0.29666,-0.042236,0.36024,-0.12305,0.022987,0.3768,0.026657,0.021664,-0.0085701,0.12467,-0.23177,-0.033238,-0.082982,0.05182,0.40331,0.13497,1,-0.25456,0.11938,-0.01724,0.088104,0.18045,0.10588,-0.15182,0.010138,0.1249,-0.28883,0.0032445,-0.46374,-0.22339,0.020108,-0.11671,0.078548,-0.35308,-0.0099256,0.19788,-0.15627,0.1854,-0.094691,-0.050019,-0.074405,-0.036356,0.12414,0.16026,-0.0089218,0.10542,-0.048152,-0.026484,0.11364,-0.11762,-0.29497,0.043667,-0.16319,-0.15335,0.21768,-0.039921,0.21064,-0.054384,0.10502,-0.21019,-0.10875,-0.0033122,-0.085792,-0.099964,0.093462,-0.14814,0.034095,-0.076929,-0.013333
38,-0.012946,-0.071057,-0.16744,-0.11067,-0.1127,0.070559,-0.27393,0.09222,0.12787,0.059057,0.019348,0.018688,-0.22263,-0.018313,-0.21414,-0.031684,-0.018495,-0.087783,-0.2845,-0.23312,-0.058837,0.16404,-0.085172,-0.11616,-0.13417,0.035962,-0.14341,-0.096105,-0.094846,0.15874,-0.33074,0.074828,0.11215,0.23707,0.091003,0.099025,-0.067457,-0.25456,1,-0.15051,0.012328,0.037103,-0.15217,0.064408,-0.089758,-0.11198,-0.15982,0.061759,-0.12304,0.080645,0.17399,-0.074884,-0.10092,0.11505,-0.18272,-0.30617,0.003769,0.23516,-0.078612,0.066548,0.11299,-0.013822,-0.030359,0.25379,-0.27928,0.19747,0.12089,-0.1199,-0.080651,-0.26785,0.02415,-0.18268,-0.23365,0.063987,-0.20521,-0.060067,-0.10921,-0.14521,0.024108,-0.18283,-0.36676,0.11103,0.10947,-0.058846,-0.15351,0.27513,0.092781,-0.11663,-0.25995,-0.04102
39,-0.1809,-0.20427,-0.17741,-0.18522,-0.13547,-0.28849,-0.15288,-0.23863,-0.0017184,-0.095654,0.063745,0.019345,-0.051404,-0.18305,-0.22763,0.10798,0.11635,-0.014855,-0.15089,0.073033,-0.12564,-0.27079,-0.23391,0.29467,0.11192,-0.18356,0.16749,0.095095,-0.15821,-0.062881,0.1528,-0.09201,-0.24044,0.026558,-0.054667,0.017098,0.048874,0.11938,-0.15051,1,0.20219,0.20303,0.11679,0.18062,-0.050982,0.13211,0.20707,-0.11634,0.11283,0.027395,0.25868,0.22085,0.10999,0.20702,0.070877,-0.0041245,0.23933,0.037235,0.14726,-0.072393,0.06963,-0.044023,0.11817,0.085218,0.27474,-0.0044487,0.23377,0.0046577,0.14661,0.10432,0.11687,-0.25411,-0.030633,-0.069695,0.10826,-0.038252,0.21156,0.062171,-0.12923,0.12141,-0.062816,0.0089553,-0.26675,-0.21618,0.043054,0.042034,-0.13874,0.019258,-0.14828,-0.098592
40,-0.39747,-0.50896,-0.46965,-0.44098,-0.52545,-0.39657,-0.35654,-0.2355,-0.18863,-0.014353,-0.46086,-0.55466,-0.26196,-0.47991,-0.18038,-0.086037,-0.14845,0.065212,-0.25267,0.036926,0.0043615,-0.18568,-0.033886,0.043955,-0.02709,0.18326,0.016833,0.16889,-0.016024,0.12279,-0.13351,0.22552,-0.018488,0.13344,0.14483,0.10632,0.40796,-0.01724,0.012328,0.20219,1,-0.068876,0.46869,0.083445,-0.033165,0.051255,0.12019,0.17641,0.27246,0.14519,0.13799,0.21234,-0.27172,0.27429,0.011277,-0.0058764,-0.086747,0.20206,0.0044049,0.019414,-0.00060365,0.16996,0.086217,0.19895,0.058478,-0.092295,-0.20946,-0.084554,0.22672,0.15507,0.19654,-0.029204,-0.22964,0.073379,-0.1269,0.06982,-0.064708,0.16466,0.11053,-0.10472,-0.36259,0.12009,0.10614,-0.03457,-0.11115,0.17811,-0.12119,0.023936,-0.22948,-0.3032
41,-0.32579,-0.27542,-0.19415,-0.3548,-0.073334,-0.22261,-0.32369,-0.060256,-0.063628,-0.14908,-0.059141,-0.0081187,0.012848,-0.04661,-0.35349,-0.31066,-0.009563,0.045688,0.04294,-0.28699,0.029363,-0.054512,-0.037432,0.28133,0.011443,0.12807,0.12527,-0.099368,-0.020484,-0.14367,-0.07164,0.14935,0.23242,0.17245,0.070906,0.38173,-0.35492,0.088104,0.037103,0.20303,-0.068876,1,-0.067097,-0.016761,-0.12998,0.1666,0.07756,0.12666,0.093688,-0.17708,0.30064,0.25439,-0.13425,-0.069974,0.15413,-0.28411,-0.053359,-0.030161,0.30644,0.15515,-0.12156,-0.26526,0.073384,0.08429,0.17297,0.18588,0.36971,-0.345,-0.11599,0.1423,0.0031496,-0.34051,0.095523,0.041549,0.027859,0.18457,0.0084337,-0.13192,0.077966,0.086401,-0.32049,0.023839,-0.11298,-0.084954,0.12685,0.046014,0.16538,0.12961,-0.026824,0.21828
42,-0.23052,-0.32097,-0.24713,-0.25598,-0.43023,-0.16795,-0.2253,0.079525,-0.13341,-0.011605,-0.16941,-0.18355,-0.11026,-0.25128,-0.1512,0.1186,0.05148,-0.010361,0.11601,0.011183,0.14175,-0.096087,-0.039557,0.24534,0.16855,0.067445,0.056576,0.16674,-0.013739,0.28431,-0.050337,0.045716,0.070003,0.22489,0.037447,-0.086865,0.18454,0.18045,-0.15217,0.11679,0.46869,-0.067097,1,-0.18388,0.0055731,0.14051,0.02037,-0.24301,0.29546,0.094269,0.013064,-0.11805,-0.23714,0.11514,-0.010779,-0.017521,0.16714,-0.1468,-0.09262,-0.086225,-0.045798,-0.01158,0.078756,0.001985,0.0045431,-0.42478,-0.093569,-0.17026,0.15836,0.02376,0.16195,0.012534,-0.13233,-0.085387,-0.096687,-0.02661,-0.059206,0.13607,-0.012478,-0.10863,-0.29559,0.016705,-0.07791,0.081707,-0.20202,0.034147,-0.014359,0.22864,-0.040727,-0.17388
43,0.0016749,-0.038425,-0.053524,-0.083121,-0.035529,0.046498,0.019067,-0.096994,0.11789,0.060618,0.054816,0.036745,0.10184,0.022029,0.0001093,-0.012883,-0.21932,0.1874,0.065402,-0.033956,-0.31054,-0.07207,0.11949,0.11094,0.097386,-0.1016,0.31912,0.41044,-0.064824,0.0058582,0.054561,-0.041924,-0.21353,-0.18769,0.31661,0.10125,0.11085,0.10588,0.064408,0.18062,0.083445,-0.016761,-0.18388,1,-0.023237,0.22701,0.31354,0.0036612,0.045661,0.10634,-0.05379,0.087583,0.1204,0.28384,0.18499,0.07453,0.26822,0.10305,0.088357,-0.013649,-0.069187,0.26715,0.02071,0.087153,0.15471,0.20896,-0.01983,0.048938,0.017488,0.098461,0.057862,0.061693,-0.036361,-0.17547,0.055038,-0.1387,0.15209,-0.031022,0.1977,0.2936,-0.32117,-0.10218,0.16598,0.002162,0.047354,0.12114,-0.25626,-0.20374,-0.030107,-0.29936
44,-0.031839,-0.1013,0.0018394,0.0060957,-0.24313,-0.04279,-0.080912,-0.28523,-0.16596,0.05524,-0.10716,-0.26752,-0.11059,-0.098635,-0.17233,-0.21015,-0.12974,-0.048946,0.29948,0.083352,-0.18034,0.28058,0.089893,-0.019106,0.29334,-0.14099,0.020345,0.32142,-0.12572,0.046667,0.29328,0.16077,0.082684,-0.14078,-0.091606,-0.14865,-0.069644,-0.15182,-0.089758,-0.050982,-0.033165,-0.12998,0.0055731,-0.023237,1,0.16517,0.15261,0.089237,0.19935,0.17676,0.12552,0.026417,0.051583,0.1852,0.30591,0.26016,0.18203,-0.04967,-0.041178,0.082577,0.13568,0.11408,0.033802,-0.087894,0.22553,-0.17628,-0.11503,0.081601,-0.15938,-0.18159,-0.12551,0.25372,0.10794,-0.192,0.095609,0.058114,0.037434,-0.161,-0.13429,0.26248,0.07252,-0.093798,-0.098023,0.12783,0.15922,-0.092278,0.014408,-0.09757,-0.020582,-0.13126
45,-0.20821,-0.19577,-0.094408,-0.1386,-0.27616,0.0014608,-0.16241,-0.24065,-0.23357,0.094445,-0.30778,0.03271,-0.25107,-0.22302,-0.19221,-0.010212,-0.14409,0.10195,0.022771,-0.20337,0.042255,-0.0099399,0.17216,0.10906,0.22537,-0.13846,0.099671,0.37028,0.22302,-0.098107,0.16694,0.13758,-0.086468,-0.071687,0.26499,0.054196,0.056332,0.010138,-0.11198,0.13211,0.051255,0.1666,0.14051,0.22701,0.16517,1,0.23564,0.31741,0.14926,-0.18577,0.20889,-0.1217,0.30293,0.14454,0.37024,0.11854,-0.11874,0.21353,-0.20661,0.083154,0.17701,-0.31293,0.13516,-0.026395,0.10182,-0.27116,0.050832,-0.10459,0.10387,0.24034,-0.24218,0.089164,0.21636,0.017365,0.045812,0.30225,0.27376,-0.036224,-0.28166,0.17076,-0.13673,0.16571,-0.24818,0.064038,-0.0044277,0.23878,0.033992,-0.1301,-0.062811,-0.1875
46,-0.31366,-0.39074,-0.32944,-0.43832,-0.41959,-0.33093,-0.31749,-0.37426,-0.22582,-0.39931,-0.40563,-0.10554,-0.15428,-0.36051,-0.2844,-0.0043932,-0.30896,-0.056389,-0.096998,-0.3298,-0.22411,-0.3138,-0.071115,0.35252,0.026692,-0.17028,0.25606,0.18556,-0.10083,-0.037285,0.2754,0.11082,-0.1344,-0.015308,-0.16786,0.066286,0.2832,0.1249,-0.15982,0.20707,0.12019,0.07756,0.02037,0.31354,0.15261,0.23564,1,-0.054393,0.21113,0.10085,-0.065223,0.0095974,-0.014275,-0.16295,0.32812,-0.12819,-0.072591,-0.20363,0.097108,0.08604,-0.2016,0.013836,0.11998,-0.27976,0.064105,0.03922,0.13811,-0.1296,0.026657,0.12495,0.14788,-0.052165,-0.0049618,-0.093157,-0.15013,0.07672,-0.019923,-0.05404,-0.062553,0.11211,-0.41697,-0.19392,-0.19089,-0.02093,0.09315,0.15437,-0.067996,-0.2388,-0.065071,-0.33428
47,-0.033808,0.11763,0.17494,-0.060299,0.088179,0.19373,0.050227,-0.13863,0.039303,0.17487,-0.092016,-0.14964,-0.018285,-0.14114,0.028845,-0.12941,0.010828,0.19528,-0.017985,0.013779,0.13185,0.1761,0.19926,0.04049,-0.13742,0.24259,-0.22921,-0.075799,0.19828,-0.29563,-0.001459,0.15338,0.023914,-0.10586,0.04677,0.15164,0.084416,-0.28883,0.061759,-0.11634,0.17641,0.12666,-0.24301,0.0036612,0.089237,0.31741,-0.054393,1,0.12212,-0.035122,0.29105,0.078999,0.28646,0.025199,0.085555,-0.21512,-0.25936,0.24011,-0.024263,0.094077,-0.19044,0.054075,0.12175,0.28845,-0.074179,0.22083,-0.1318,-0.07174,-0.11379,0.15146,-0.11427,0.23968,0.088025,0.20192,0.13994,0.31159,0.20696,-0.28221,-0.00069925,-0.058168,0.058509,0.17729,-0.094471,-0.084877,0.23027,-0.0010104,0.20671,-0.059964,-0.029256,-0.0095479
48,-0.24712,-0.28884,0.042248,-0.086226,-0.17858,-0.1799,-0.2643,-0.19498,-0.14208,-0.20905,-0.23336,-0.22587,-0.11227,-0.2265,-0.061863,-0.061187,0.02742,0.038574,0.09055,-0.16252,0.1147,-0.002157,-0.012382,0.027554,0.21177,0.061843,0.22337,-0.14001,-0.18078,0.28404,0.35824,0.085804,-0.32409,-0.20909,0.091413,-0.14693,0.043707,0.0032445,-0.12304,0.11283,0.27246,0.093688,0.29546,0.045661,0.19935,0.14926,0.21113,0.12212,1,0.15071,0.0043787,0.16322,-0.097054,0.042429,0.17205,-0.098273,0.213,-0.21406,0.077451,0.27824,0.064208,-0.078292,-0.19961,0.18146,0.14636,-0.085255,-0.065664,-0.19402,0.0025233,0.092134,0.30799,0.12768,-0.25062,-0.065765,0.094703,-0.029606,0.056104,-0.20497,0.083147,-0.25943,-0.28859,0.27852,0.081728,0.19021,0.1849,0.0051654,0.06562,0.11981,-0.20619,-0.27588
49,-0.18492,-0.070153,-0.028384,-0.21418,-0.2397,-0.24978,-0.23576,-0.2282,-0.21337,-0.012851,0.020215,-0.1747,-0.066662,0.028661,0.082272,0.065652,0.020561,0.16443,-0.24589,0.21225,-0.234,0.028157,0.099533,-0.013347,0.1365,-0.021476,0.025433,0.19232,-0.11729,0.22068,-0.067423,0.11488,-0.07089,0.1242,0.35785,-0.3008,0.19365,-0.46374,0.080645,0.027395,0.14519,-0.17708,0.094269,0.10634,0.17676,-0.18577,0.10085,-0.035122,0.15071,1,-0.081251,-0.029475,0.055411,-0.064973,0.15275,-0.042532,0.18363,0.14846,-0.13001,-0.067101,0.042974,0.27983,0.16892,-0.14515,-0.098906,0.052337,0.01342,0.076852,0.16028,-0.075023,0.25989,0.20907,-0.010185,-0.23096,0.034587,-0.30967,0.099837,0.0093353,0.068918,0.07418,-0.083113,-0.036916,0.17673,-0.041312,0.062103,0.1261,-0.080288,0.13479,-0.068925,-0.24117
50,0.0068087,-0.023009,-0.022214,-0.10972,0.037267,0.096274,-0.11069,0.0083897,0.17029,0.046428,0.04112,-0.095543,-0.077199,-0.13534,-0.19531,-0.050244,-0.052543,-0.055933,-0.026477,-0.0089893,-0.085251,0.02749,-0.025122,0.076421,0.062549,0.22057,0.037671,0.075511,-0.030798,-0.35401,-0.181,0.023112,-0.02968,-0.18154,-0.14135,-0.089407,-0.11875,-0.22339,0.17399,0.25868,0.13799,0.30064,0.013064,-0.05379,0.12552,0.20889,-0.065223,0.29105,0.0043787,-0.081251,1,0.13181,-0.031945,-0.040975,0.25223,-0.055185,-0.073627,0.064744,-0.010398,0.1195,0.054966,0.012238,0.31712,0.022016,0.0029782,-0.15842,0.0036722,-0.34314,0.12938,0.039646,-0.16184,-0.041955,-0.2449,0.055449,0.062109,-0.056401,0.10621,-0.23423,-0.055077,-0.047431,-0.035879,0.06592,-0.059682,-0.048314,-0.075639,-0.089486,0.11159,-0.21594,0.055458,-0.016317
51,-0.2382,-0.23967,-0.22449,-0.27071,-0.17766,-0.24975,-0.34952,-0.3239,-0.22894,-0.28741,-0.14453,-0.28128,-0.1643,-0.26492,-0.28801,-0.30394,-0.17172,0.093512,-0.0078255,0.14443,-0.11605,-0.16622,-0.22209,0.20859,0.14751,0.1508,0.083739,-0.057932,-0.0086081,0.0086587,0.18057,-0.040478,0.051968,-0.039781,0.065334,0.18262,-0.28334,0.020108,-0.074884,0.22085,0.21234,0.25439,-0.11805,0.087583,0.026417,-0.1217,0.0095974,0.078999,0.16322,-0.029475,0.13181,1,0.058472,0.18079,0.02459,0.089662,-0.07752,-0.072374,0.22797,0.30881,0.070281,0.11585,0.021939,0.15742,0.2427,0.074602,-0.063192,0.17331,0.0096734,-0.11188,0.12533,-0.18966,-0.053645,0.13668,0.07655,-0.16922,-0.13295,-0.19023,0.33393,0.017938,0.028401,-0.036636,0.087316,0.10818,0.013061,-0.17116,0.077296,0.090393,-0.3649,-0.068371
52,0.10159,0.12485,0.25071,0.089271,0.14727,0.13391,0.17951,0.039036,-0.13925,0.20005,0.12394,0.31623,0.15519,0.17846,-0.090262,-0.050907,-0.031927,0.22234,0.18939,0.10529,0.12947,0.066706,0.22199,0.05266,0.11806,0.0029973,-0.017008,0.15704,0.24529,-0.2635,0.13549,-0.038153,-0.19873,-0.030058,0.19451,-0.0090202,0.020217,-0.11671,-0.10092,0.10999,-0.27172,-0.13425,-0.23714,0.1204,0.051583,0.30293,-0.014275,0.28646,-0.097054,0.055411,-0.031945,0.058472,1,-0.0068528,0.043888,0.19051,0.0063714,0.22662,-0.050626,0.08103,0.072764,-0.11782,0.15076,-0.043052,-0.072467,-0.11857,-0.18613,0.14324,-0.034452,-0.009473,0.0055271,0.17008,0.40124,0.071459,0.38145,-0.029304,0.049068,-0.11744,-0.068302,-0.0089128,0.31593,0.14859,-0.15368,0.29812,0.22397,-0.14522,-0.13491,-0.14156,-0.0078823,-0.12703
53,-0.10834,-0.093703,-0.17406,-0.040045,-0.092627,-0.091751,-0.16504,-0.13518,-0.060729,0.14303,-0.041733,0.058611,-0.16229,-0.20939,-0.11592,-0.0053212,0.059357,0.20497,0.056322,0.17626,0.07133,0.16962,0.032278,-0.0050533,0.20917,0.074591,0.035596,0.22779,-0.11105,0.22653,0.085925,-0.085155,0.072006,0.11042,0.2085,0.26201,-0.13439,0.078548,0.11505,0.20702,0.27429,-0.069974,0.11514,0.28384,0.1852,0.14454,-0.16295,0.025199,0.042429,-0.064973,-0.040975,0.18079,-0.0068528,1,0.096238,0.11995,0.14038,0.10232,-0.17228,-0.015303,-0.001025,0.12188,-0.32079,0.18939,0.27265,-0.068102,0.078349,0.10625,-0.039414,0.087146,0.038987,0.16649,-0.11951,0.076611,0.080272,-0.061222,0.094858,-0.041365,-0.048846,0.068756,0.086171,-0.0087601,0.044916,0.039868,-0.10529,0.046317,-0.22759,-0.22457,-0.29708,-0.1162
54,-0.014222,-0.16033,0.05731,-0.079611,-0.079808,0.0011608,-0.082604,-0.072502,-0.070535,0.032354,-0.237,-0.080531,-0.17448,-0.21247,-0.045957,0.076199,0.22948,0.016998,0.052434,0.14524,-0.14508,0.076127,0.045296,0.095542,0.22,-0.21396,0.13369,0.16291,-0.15677,-0.13508,0.08553,0.137,-0.034849,0.069992,-0.059808,-0.16799,0.01458,-0.35308,-0.18272,0.070877,0.011277,0.15413,-0.010779,0.18499,0.30591,0.37024,0.32812,0.085555,0.17205,0.15275,0.25223,0.02459,0.043888,0.096238,1,0.2224,-0.080992,0.039721,-0.1089,0.11449,0.0020259,-0.078186,0.13717,-0.3991,0.24948,-0.02786,0.086236,-0.2305,-0.037269,0.16888,0.058717,0.31724,0.043693,-0.12242,0.17611,-0.10801,0.074887,-0.078782,-0.15961,-0.035375,-0.028999,-0.16518,-0.20295,0.0015264,0.14008,-0.0046306,0.095559,-0.17701,-0.0027026,-0.15618
55,0.16142,0.045457,0.069618,0.2569,0.060018,-0.059904,0.1809,0.033242,-0.16645,0.16885,-0.18253,0.04431,0.10082,0.093588,0.084773,-0.036555,-0.13837,-0.088113,0.053929,0.23176,-0.121,0.01638,-0.055503,-0.17426,0.041379,-0.098644,0.17413,0.24808,-0.1769,-0.10114,-0.0041314,0.21836,-0.032021,-0.18666,0.016979,-0.096529,0.10477,-0.0099256,-0.30617,-0.0041245,-0.0058764,-0.28411,-0.017521,0.07453,0.26016,0.11854,-0.12819,-0.21512,-0.098273,-0.042532,-0.055185,0.089662,0.19051,0.11995,0.2224,1,0.062752,0.060445,-0.091095,-0.041474,0.30816,-0.097249,-0.019829,-0.21356,0.11779,-0.045429,-0.29254,0.29521,0.026746,0.0090728,-0.0028809,0.23027,0.33383,-0.04089,0.34754,-0.19786,-0.15266,0.34199,-0.15521,0.061581,0.28926,-0.091493,-0.022612,0.20766,0.079335,-0.099742,-0.032344,-0.15475,0.034749,-0.36165
56,-0.15788,-0.12492,-0.12384,-0.063161,-0.12758,-0.071572,-0.099872,-0.21825,-0.021825,-0.032537,0.17131,0.0057089,-0.070805,0.020902,-0.02786,-0.24532,0.081921,0.086843,0.1432,-0.094943,-0.18032,0.21805,-0.27496,0.086683,-0.065479,-0.17541,0.13369,0.16734,-0.23152,0.1603,0.06182,0.062461,-0.32137,-0.20993,0.15305,-0.054349,-0.045018,0.19788,0.003769,0.23933,-0.086747,-0.053359,0.16714,0.26822,0.18203,-0.11874,-0.072591,-0.25936,0.213,0.18363,-0.073627,-0.07752,0.0063714,0.14038,-0.080992,0.062752,1,-0.15283,0.072857,-0.20015,0.16192,0.14242,-0.13166,0.1108,0.021628,-0.062697,0.17147,-0.063575,-0.084363,-0.039728,0.0067102,0.069284,0.10148,-0.48071,-0.055255,-0.20635,0.19278,-0.14408,-0.079958,0.16008,-0.098776,0.042058,0.064423,-0.0019684,-0.07446,-0.035231,-0.013038,-0.036766,-0.01426,0.025678
57,-0.069505,-0.060332,-0.06095,0.084925,-0.15374,0.073159,-0.090672,-0.13893,0.052646,0.36747,-0.098508,-0.083961,-0.21559,0.084334,0.085707,0.05596,0.045242,-0.09235,-0.34054,-0.038599,-0.12713,0.19254,0.31309,-0.22918,-0.084947,-0.047587,-0.023608,0.1529,0.19405,-0.17646,-0.21625,0.32628,-0.0086363,0.069277,0.25126,0.17234,0.27295,-0.15627,0.23516,0.037235,0.20206,-0.030161,-0.1468,0.10305,-0.04967,0.21353,-0.20363,0.24011,-0.21406,0.14846,0.064744,-0.072374,0.22662,0.10232,0.039721,0.060445,-0.15283,1,-0.015677,-0.062381,0.409,0.079383,0.24948,0.052613,0.11202,-0.075099,-0.20823,-0.061754,-0.056154,-0.14865,0.0078061,-0.067928,0.19736,0.00096777,0.16874,0.11774,0.055224,0.2221,-0.35288,0.020864,-0.092221,-0.099783,-0.10237,-0.16885,0.044482,0.18457,-0.11466,0.058634,-0.24967,-0.17783
58,0.010687,-0.10677,0.010032,0.0058254,-0.024579,-0.021083,0.21554,-0.023844,0.080822,0.026294,0.089469,0.07917,0.14455,0.13726,0.04455,-0.34829,0.091873,-0.10098,0.13346,0.082328,-0.12557,-0.1101,-0.041554,0.16004,-0.11748,0.21022,0.10675,-0.21775,-0.0092348,-0.10525,0.09069,0.24106,0.343,0.0318,-0.05644,0.38839,0.039155,0.1854,-0.078612,0.14726,0.0044049,0.30644,-0.09262,0.088357,-0.041178,-0.20661,0.097108,-0.024263,0.077451,-0.13001,-0.010398,0.22797,-0.050626,-0.17228,-0.1089,-0.091095,0.072857,-0.015677,1,-0.19957,-0.12699,0.02595,0.080871,0.23236,0.36793,0.1275,-0.14661,0.040405,-0.013139,0.041229,0.1838,-0.065434,0.032485,-0.064098,0.031043,-0.1829,-0.062039,0.14034,0.34921,0.067804,-0.23929,-0.13389,-0.10263,0.077895,0.25856,-0.26777,0.33687,0.19509,0.10012,-0.12772
59,-0.052568,-0.15572,0.031869,-0.10758,-0.071731,-0.13768,-0.26438,0.002395,-0.029759,-0.17995,0.0064498,-0.22726,0.067771,-0.2252,-0.11408,-0.039987,-0.15022,0.10138,0.10184,-0.11931,-0.091494,-0.13397,0.062629,-0.019181,0.088168,0.20988,0.11664,-0.070896,0.094989,-0.0035333,-0.05208,0.077188,-0.13628,0.073188,-0.089455,-0.14125,-0.17055,-0.094691,0.066548,-0.072393,0.019414,0.15515,-0.086225,-0.013649,0.082577,0.083154,0.08604,0.094077,0.27824,-0.067101,0.1195,0.30881,0.08103,-0.015303,0.11449,-0.041474,-0.20015,-0.062381,-0.19957,1,0.12023,0.0027419,0.041576,-0.1102,0.074671,-0.11267,-0.11811,-0.018425,-0.13267,0.01951,0.056715,-0.15188,0.053821,0.16008,-0.12118,0.0415,-0.10041,-0.17097,0.19695,-0.081001,-0.0033111,0.28836,-0.18717,0.21424,0.19045,0.12478,-0.033351,-0.1367,0.16337,-0.040845
60,-0.12172,-0.12358,-0.023162,0.099317,-0.30532,-0.10878,-0.25672,-0.1921,-0.20084,0.055625,-0.10621,-0.20452,-0.28013,0.024324,0.031283,-0.07852,0.085891,-0.39578,-0.22027,-0.096552,-0.31141,0.18936,-0.11609,-0.30064,0.13537,-0.096456,-0.1445,0.069649,0.091067,0.11779,-0.046452,0.29682,-0.28244,-0.20383,0.1373,-0.13095,-0.10403,-0.050019,0.11299,0.06963,-0.00060365,-0.12156,-0.045798,-0.069187,0.13568,0.17701,-0.2016,-0.19044,0.064208,0.042974,0.054966,0.070281,0.072764,-0.001025,0.0020259,0.30816,0.16192,0.409,-0.12699,0.12023,1,-0.22255,0.032017,0.031999,0.11846,-0.20724,-0.24014,-0.091171,-0.086771,-0.30061,-0.11284,-0.2008,0.23697,-0.29475,-0.098063,0.0026387,-0.036322,0.038942,-0.27662,-0.064842,0.049123,0.21945,-0.04036,-0.0074421,0.036635,-0.05573,0.051914,0.063002,-0.20038,-0.13598
61,-0.052643,0.05404,0.0042616,-0.077446,0.00073299,-0.067042,0.11517,-0.16717,0.13543,0.14683,-0.057318,-0.14527,0.23281,0.070645,0.14126,0.038111,-0.01951,0.19239,-0.010577,0.19691,-0.058203,0.11528,6.9345e-05,0.04099,-0.079546,0.055106,0.023615,0.23297,0.17859,0.17389,-0.17151,-0.093959,0.10935,-0.10687,0.0071584,0.013178,0.16944,-0.074405,-0.013822,-0.044023,0.16996,-0.26526,-0.01158,0.26715,0.11408,-0.31293,0.013836,0.054075,-0.078292,0.27983,0.012238,0.11585,-0.11782,0.12188,-0.078186,-0.097249,0.14242,0.079383,0.02595,0.0027419,-0.22255,1,0.2711,0.30047,0.1216,0.016645,-0.022,0.34076,0.14054,0.0074617,0.13032,-0.098904,-0.43497,0.088426,0.0066202,-0.33115,0.062377,-0.12146,0.21287,0.1847,-0.055251,-0.2807,0.059228,-0.018322,-0.075056,0.12417,-0.054421,-0.015529,-0.039545,-0.043243
62,-0.061167,0.0032956,-0.024728,-0.25081,-0.22011,-0.12139,0.042891,-0.080745,0.085922,0.019564,-0.12181,-0.11977,-0.011423,0.063816,0.034794,0.083951,-0.12881,-0.15992,-0.06802,0.074898,-0.34597,-0.25861,0.044569,0.35963,0.18598,0.20278,0.19062,0.16897,0.3665,0.033845,-0.15744,-0.0012318,0.087997,0.1716,0.079466,-0.011297,0.11209,-0.036356,-0.030359,0.11817,0.086217,0.073384,0.078756,0.02071,0.033802,0.13516,0.11998,0.12175,-0.19961,0.16892,0.31712,0.021939,0.15076,-0.32079,0.13717,-0.019829,-0.13166,0.24948,0.080871,0.041576,0.032017,0.2711,1,-0.0217,0.21289,-0.063904,-0.13262,-0.068995,0.14974,0.10315,-0.28255,-0.095264,0.0077689,0.00070287,0.039962,0.065074,-0.20267,0.031604,0.080688,0.13996,-0.092882,-0.27761,-0.20014,-0.12349,-0.17211,0.1614,0.1994,0.12126,-0.030222,-0.12353
63,-0.23552,-0.050029,-0.01354,-0.047437,-0.017728,-0.067096,0.030705,-0.15829,-0.025795,0.1566,-0.061835,0.0029067,0.11911,0.097459,-0.13759,-0.22681,0.11929,-0.030425,-0.05529,-0.18825,0.18245,0.068314,-0.13225,0.0074092,-0.092078,0.20872,-0.22001,-0.060836,0.21515,0.22084,0.096189,0.074138,0.045811,-0.083037,0.26715,0.33374,-0.013324,0.12414,0.25379,0.085218,0.19895,0.08429,0.001985,0.087153,-0.087894,-0.026395,-0.27976,0.28845,0.18146,-0.14515,0.022016,0.15742,-0.043052,0.18939,-0.3991,-0.21356,0.1108,0.052613,0.23236,-0.1102,0.031999,0.30047,-0.0217,1,-0.039608,0.10818,0.065163,0.24411,-0.13675,-0.017433,0.047248,-0.27089,-0.2479,0.1317,-0.076068,0.10728,0.085112,-0.1645,0.33165,-0.15183,-0.21089,0.27795,0.0064198,0.065564,0.18658,0.021622,0.067006,0.28419,-0.32859,0.053868
64,-0.070759,-0.010778,0.051336,0.041263,-0.10409,-0.095402,0.050301,-0.1625,0.093603,0.018768,-0.09034,-0.075458,-0.016647,0.063643,0.058741,0.059351,0.0341,-0.09963,0.22163,0.34477,-0.16092,-0.21832,0.09817,0.3027,0.38782,-0.032642,0.33119,0.087479,0.06842,0.038632,0.06605,0.08313,-0.0051325,-0.023461,-0.097262,0.11056,-0.03359,0.16026,-0.27928,0.27474,0.058478,0.17297,0.0045431,0.15471,0.22553,0.10182,0.064105,-0.074179,0.14636,-0.098906,0.0029782,0.2427,-0.072467,0.27265,0.24948,0.11779,0.021628,0.11202,0.36793,0.074671,0.11846,0.1216,0.21289,-0.039608,1,-0.052913,-0.2197,0.033434,-0.096773,0.066441,0.071879,-0.1021,0.060383,-0.17563,0.060578,-0.077368,-0.12416,0.24502,0.034782,0.089382,0.033008,-0.2727,-0.18915,-0.050254,0.23028,-0.19191,0.36673,0.038908,0.023556,-0.096652
65,0.12186,0.24067,0.12471,0.049542,0.24844,0.071502,0.11204,0.10975,0.19649,-0.007752,0.0089301,-0.020796,0.04931,0.19547,0.14931,0.14586,0.13541,0.063524,-0.26518,0.10013,-0.097974,-0.11419,-0.066794,0.033846,-0.27169,0.0080549,0.073095,-0.20905,-0.08434,-0.022566,-0.058237,-0.16043,0.17944,-0.1734,0.097507,0.17477,0.038246,-0.0089218,0.19747,-0.0044487,-0.092295,0.18588,-0.42478,0.20896,-0.17628,-0.27116,0.03922,0.22083,-0.085255,0.052337,-0.15842,0.074602,-0.11857,-0.068102,-0.02786,-0.045429,-0.062697,-0.075099,0.1275,-0.11267,-0.20724,0.016645,-0.063904,0.10818,-0.052913,1,0.027017,0.044141,-0.12599,-0.069579,0.032034,-0.079522,-0.0093902,0.16107,0.16151,-0.13762,-0.13624,0.075918,0.14407,0.047803,-0.17172,0.061866,0.13422,-0.19431,0.20155,0.1049,0.069927,-0.041246,-0.12175,-0.014224
66,-0.22767,-0.11948,-0.20489,-0.17556,0.027776,-0.1941,-0.25306,-0.24908,-0.057619,-0.12286,-0.010376,0.20617,-0.090192,-0.13899,-0.26623,-0.023096,0.10999,0.29985,-0.068243,-0.26472,0.038127,0.14073,-0.34829,0.27636,-0.15676,-0.33839,0.086424,-0.022775,-0.23578,0.14879,0.017632,-0.11077,-0.0019863,0.19572,-0.049679,0.17346,-0.16069,0.10542,0.12089,0.23377,-0.20946,0.36971,-0.093569,-0.01983,-0.11503,0.050832,0.13811,-0.1318,-0.065664,0.01342,0.0036722,-0.063192,-0.18613,0.078349,0.086236,-0.29254,0.17147,-0.20823,-0.14661,-0.11811,-0.24014,-0.022,-0.13262,0.065163,-0.2197,0.027017,1,-0.011367,0.16346,0.041385,-0.19663,-0.23993,-0.18707,-0.10092,-0.18057,0.039257,0.19273,-0.3701,-0.16878,0.096077,-0.049072,-0.052871,-0.16602,-0.22089,-0.049793,0.43952,0.015541,0.092188,-0.14594,0.35705
67,0.092188,0.21155,0.11467,0.17712,0.095982,-0.0040874,0.18079,-0.14273,0.075054,0.10667,0.020172,0.15693,0.22824,0.22033,0.070058,0.048432,-0.011319,0.10095,-0.050983,0.33659,0.15239,0.0018806,0.01149,0.033017,-0.1766,-0.11196,-0.010043,-0.053334,0.05823,0.25896,0.14939,0.017859,0.17593,-0.02482,0.11937,0.13005,0.1279,-0.048152,-0.1199,0.0046577,-0.084554,-0.345,-0.17026,0.048938,0.081601,-0.10459,-0.1296,-0.07174,-0.19402,0.076852,-0.34314,0.17331,0.14324,0.10625,-0.2305,0.29521,-0.063575,-0.061754,0.040405,-0.018425,-0.091171,0.34076,-0.068995,0.24411,0.033434,0.044141,-0.011367,1,-0.054189,-0.0015469,-0.027655,0.0046969,-0.023256,0.11177,0.098362,-0.062076,-0.073168,0.18493,0.16878,0.025431,0.27121,-0.009429,0.020426,0.1821,0.2051,0.16314,-0.043298,0.12477,-0.012414,0.044
68,0.028587,-0.16948,-0.093922,-0.039487,-0.074527,-0.15084,0.068951,-0.037409,-0.15546,0.045695,-0.21294,-0.10515,0.052335,-0.10852,0.12524,0.23609,-0.17877,0.42288,-0.05778,0.14983,-0.090775,-0.088318,0.071742,-0.084978,0.074099,0.05163,0.044298,0.187,-0.013337,0.049889,-0.15972,-0.28631,-0.042571,-0.027576,0.058043,-0.26724,0.016918,-0.026484,-0.080651,0.14661,0.22672,-0.11599,0.15836,0.017488,-0.15938,0.10387,0.026657,-0.11379,0.0025233,0.16028,0.12938,0.0096734,-0.034452,-0.039414,-0.037269,0.026746,-0.084363,-0.056154,-0.013139,-0.13267,-0.086771,0.14054,0.14974,-0.13675,-0.096773,-0.12599,0.16346,-0.054189,1,0.31814,-0.14301,0.071095,-0.27262,0.30731,0.037639,-0.2077,0.20228,-0.032609,0.084973,0.21067,0.027099,0.090798,0.23956,0.22385,-0.42294,0.33994,-0.064993,0.0061725,0.091566,-0.16343
69,-0.042454,-0.11232,0.012542,-0.11692,-0.020245,-0.22013,0.13265,-0.11628,0.014436,-0.036896,-0.12862,0.058873,0.21772,-0.097848,0.082329,0.056158,0.029056,0.2309,0.17269,0.020442,0.064046,-0.24567,0.10404,0.0099033,0.03991,0.21057,0.0046881,-0.1076,-0.09055,-0.041824,-0.027111,-0.17478,-0.086473,0.23957,0.053685,0.042667,-0.062,0.11364,-0.26785,0.10432,0.15507,0.1423,0.02376,0.098461,-0.18159,0.24034,0.12495,0.15146,0.092134,-0.075023,0.039646,-0.11188,-0.009473,0.087146,0.16888,0.0090728,-0.039728,-0.14865,0.041229,0.01951,-0.30061,0.0074617,0.10315,-0.017433,0.066441,-0.069579,0.041385,-0.0015469,0.31814,1,-0.051695,0.1662,0.057579,0.24096,-0.084932,0.27831,0.41836,0.1705,0.1036,0.16022,0.086696,0.09255,0.15083,0.081444,-0.18931,0.20193,-0.1608,-0.11541,0.20194,0.001484
70,-0.14996,-0.14041,0.099177,-0.010611,-0.13576,-0.13203,-0.098593,0.16832,-0.20951,0.058554,-0.051314,-0.067702,0.25909,0.035251,-0.0058059,0.026148,0.11475,0.073638,-0.037961,0.1692,0.19758,-0.051464,0.045107,0.011351,-0.18402,0.061217,0.11614,0.1322,-0.14771,0.012287,0.13953,0.11383,0.02925,0.21363,0.070169,-0.065847,0.30934,-0.11762,0.02415,0.11687,0.19654,0.0031496,0.16195,0.057862,-0.12551,-0.24218,0.14788,-0.11427,0.30799,0.25989,-0.16184,0.12533,0.0055271,0.038987,0.058717,-0.0028809,0.0067102,0.0078061,0.1838,0.056715,-0.11284,0.13032,-0.28255,0.047248,0.071879,0.032034,-0.19663,-0.027655,-0.14301,-0.051695,1,0.010802,-0.11925,0.037415,0.088167,-0.30627,0.098826,0.14459,0.051357,-0.058957,-0.37823,-0.041121,0.014506,0.048839,0.11087,-0.23206,-0.016474,-0.056837,0.004035,-0.19361
71,0.28078,0.19654,0.28487,0.2041,0.18573,0.3759,0.27478,0.14198,-0.018657,0.12382,0.040844,0.093663,-0.0036396,0.1177,0.34152,0.11413,0.062665,0.15498,0.17186,0.28642,-0.059836,0.30243,0.3162,-0.20148,-0.038553,0.17265,0.0038302,0.045124,-0.16553,-0.062004,0.16289,-0.011325,-0.0087349,0.021698,0.15176,-0.26523,0.11117,-0.29497,-0.18268,-0.25411,-0.029204,-0.34051,0.012534,0.061693,0.25372,0.089164,-0.052165,0.23968,0.12768,0.20907,-0.041955,-0.18966,0.17008,0.16649,0.31724,0.23027,0.069284,-0.067928,-0.065434,-0.15188,-0.2008,-0.098904,-0.095264,-0.27089,-0.1021,-0.079522,-0.23993,0.0046969,0.071095,0.1662,0.010802,1,0.16724,0.051041,0.18177,-0.016415,0.18358,-0.032743,-0.022637,-0.026408,0.2261,-0.049332,0.054381,0.2242,-0.12856,-0.10537,-0.037257,-0.18145,0.29222,-0.15753
72,-0.007866,-0.024948,0.012719,-0.00067751,-0.096499,0.011265,0.028217,-0.075145,-0.22215,0.010662,0.083841,0.13872,-0.039229,0.060849,-0.11599,-0.17293,-0.095216,-0.13265,0.1778,-0.072517,-0.17059,0.040615,0.12427,0.0088315,-0.024317,0.070556,-0.17155,0.06405,0.017853,-0.36388,0.0053117,0.33319,-0.069929,0.14647,0.11082,0.101,-0.053258,0.043667,-0.23365,-0.030633,-0.22964,0.095523,-0.13233,-0.036361,0.10794,0.21636,-0.0049618,0.088025,-0.25062,-0.010185,-0.2449,-0.053645,0.40124,-0.11951,0.043693,0.33383,0.10148,0.19736,0.032485,0.053821,0.23697,-0.43497,0.0077689,-0.2479,0.060383,-0.0093902,-0.18707,-0.023256,-0.27262,0.057579,-0.11925,0.16724,1,-0.065439,0.052724,0.30404,0.1658,0.17453,-0.16903,0.22367,0.23071,0.074074,-0.2649,-0.059279,0.26624,-0.22119,0.025611,-0.040296,0.24406,-0.030757
73,0.068772,-0.039615,0.070587,-0.023296,0.22449,0.029509,0.13212,0.23963,-0.084241,-0.066568,-0.22421,0.076704,0.10258,-0.015649,-0.1246,0.10694,-0.13425,-0.048426,-0.13185,-0.04284,0.218,0.0091043,0.27468,-0.18319,-0.099313,0.37711,-0.22559,-0.10876,0.21513,-0.094672,0.093587,-0.29372,0.2511,0.10886,0.019494,0.071572,-0.13395,-0.16319,0.063987,-0.069695,0.073379,0.041549,-0.085387,-0.17547,-0.192,0.017365,-0.093157,0.20192,-0.065765,-0.23096,0.055449,0.13668,0.071459,0.076611,-0.12242,-0.04089,-0.48071,0.00096777,-0.064098,0.16008,-0.29475,0.088426,0.00070287,0.1317,-0.17563,0.16107,-0.10092,0.11177,0.30731,0.24096,0.037415,0.051041,-0.065439,1,0.23463,-0.034452,0.072281,-0.15235,0.13126,0.081592,0.15376,0.18492,0.081023,0.20936,-0.13592,0.12584,-0.12912,-0.16875,-0.063822,-0.004475
74,0.31296,0.20615,0.34635,0.29366,0.34499,0.19631,0.2586,0.2461,0.1585,0.33753,0.062223,0.22683,0.20932,0.18075,0.20653,0.0059518,-0.032203,0.051206,0.012083,0.18524,0.16718,0.24995,0.32288,-0.014355,0.049205,-0.027486,0.13591,-0.027107,0.11429,-0.090246,0.21513,0.11946,0.058841,-0.24997,0.16523,0.081331,-0.094747,-0.15335,-0.20521,0.10826,-0.1269,0.027859,-0.096687,0.055038,0.095609,0.045812,-0.15013,0.13994,0.094703,0.034587,0.062109,0.07655,0.38145,0.080272,0.17611,0.34754,-0.055255,0.16874,0.031043,-0.12118,-0.098063,0.0066202,0.039962,-0.076068,0.060578,0.16151,-0.18057,0.098362,0.037639,-0.084932,0.088167,0.18177,0.052724,0.23463,1,-0.11367,-0.046529,0.11938,0.013142,-0.023214,0.20051,-0.14733,0.22465,0.08482,0.12251,-0.12734,-0.10938,-0.064674,-0.26063,-0.21605
75,-0.033128,-0.036176,-0.050958,-0.031225,-0.17163,0.019246,-0.082616,-0.16264,0.13234,0.043531,-0.040034,-0.048321,0.0057809,-0.049764,-0.10421,0.050153,-0.10859,-0.084809,0.12889,-0.33575,0.063026,-0.00081526,0.19455,0.064936,0.032102,0.05763,-0.2073,-0.15713,0.094919,-0.10431,0.12471,0.1508,-0.14202,0.19371,0.013507,0.073356,-0.051805,0.21768,-0.060067,-0.038252,0.06982,0.18457,-0.02661,-0.1387,0.058114,0.30225,0.07672,0.31159,-0.029606,-0.30967,-0.056401,-0.16922,-0.029304,-0.061222,-0.10801,-0.19786,-0.20635,0.11774,-0.1829,0.0415,0.0026387,-0.33115,0.065074,0.10728,-0.077368,-0.13762,0.039257,-0.062076,-0.2077,0.27831,-0.30627,-0.016415,0.30404,-0.034452,-0.11367,1,0.18966,0.036862,-0.083043,0.0239,-0.075979,0.15839,-0.054106,-0.099378,-0.087894,0.075036,-0.092313,0.1508,-0.042686,0.14098
76,0.070913,0.059093,0.19562,0.099462,0.012063,0.12498,0.080323,-0.18628,0.02151,0.25636,0.20789,0.044865,0.12611,0.036605,0.036833,0.1092,0.16471,0.28958,0.22002,0.0095567,-0.12467,0.3372,0.15934,-0.092701,-0.068625,-0.090482,-0.14964,0.084811,0.029712,-0.22359,0.089066,-0.098062,-0.15778,0.1304,0.21787,-0.18389,-0.042594,-0.039921,-0.10921,0.21156,-0.064708,0.0084337,-0.059206,0.15209,0.037434,0.27376,-0.019923,0.20696,0.056104,0.099837,0.10621,-0.13295,0.049068,0.094858,0.074887,-0.15266,0.19278,0.055224,-0.062039,-0.10041,-0.036322,0.062377,-0.20267,0.085112,-0.12416,-0.13624,0.19273,-0.073168,0.20228,0.41836,0.098826,0.18358,0.1658,0.072281,-0.046529,0.18966,1,-0.11066,-0.074694,0.42802,0.044674,0.24196,-0.02138,-0.11089,-0.16124,0.052813,-0.13735,-0.026528,0.11538,0.1787
77,0.13886,0.051806,-0.099216,0.14956,-0.055387,-0.059268,0.15077,0.093234,0.097629,0.20648,-0.01277,0.0261,0.033306,0.16973,0.26168,0.20749,-0.038216,-0.034267,-0.15758,0.1851,0.041981,-0.35597,0.11606,-0.11625,-0.06268,-0.15677,0.26228,-0.013304,-0.036239,-0.069703,-0.26764,0.15432,0.076252,0.10527,0.11738,0.1161,0.31947,0.21064,-0.14521,0.062171,0.16466,-0.13192,0.13607,-0.031022,-0.161,-0.036224,-0.05404,-0.28221,-0.20497,0.0093353,-0.23423,-0.19023,-0.11744,-0.041365,-0.078782,0.34199,-0.14408,0.2221,0.14034,-0.17097,0.038942,-0.12146,0.031604,-0.1645,0.24502,0.075918,-0.3701,0.18493,-0.032609,0.1705,0.14459,-0.032743,0.17453,-0.15235,0.11938,0.036862,-0.11066,1,-0.017034,-0.10531,-0.087317,-0.24606,0.057528,-0.094363,0.0088983,0.10974,-0.1887,0.03097,0.12823,-0.13664
78,0.23621,0.12083,0.17896,-0.01384,0.16949,0.084111,0.2329,0.22696,0.14432,0.14268,0.22915,0.0052557,0.32989,0.19388,0.1035,-0.17932,-0.013284,0.15841,0.12382,0.089088,-0.097946,-0.11818,-0.040693,-0.0024905,0.19804,0.25686,-0.040378,-0.21828,0.15494,0.1194,-0.0016583,-0.0012837,0.043274,0.085828,0.23044,-0.092195,-0.2556,-0.054384,0.024108,-0.12923,0.11053,0.077966,-0.012478,0.1977,-0.13429,-0.28166,-0.062553,-0.00069925,0.083147,0.068918,-0.055077,0.33393,-0.068302,-0.048846,-0.15961,-0.15521,-0.079958,-0.35288,0.34921,0.19695,-0.27662,0.21287,0.080688,0.33165,0.034782,0.14407,-0.16878,0.16878,0.084973,0.1036,0.051357,-0.022637,-0.16903,0.13126,0.013142,-0.083043,-0.074694,-0.017034,1,0.07391,-0.072695,0.21773,0.17581,0.35197,0.11072,-0.096832,0.1193,0.062079,0.0011177,-0.086027
79,0.079599,0.095043,0.060749,-0.0049552,-0.11999,0.0102,0.13743,-0.08585,-0.10537,0.15012,0.20279,-0.080191,0.10875,0.044535,0.077073,-0.10014,-0.17851,0.16233,0.13045,0.077616,-0.31786,0.12549,0.0071496,-0.014542,0.12405,-0.038262,0.046715,0.41358,0.0132,-0.010849,0.13923,-0.10664,0.1581,0.060178,0.19614,-0.070367,-0.10281,0.10502,-0.18283,0.12141,-0.10472,0.086401,-0.10863,0.2936,0.26248,0.17076,0.11211,-0.058168,-0.25943,0.07418,-0.047431,0.017938,-0.0089128,0.068756,-0.035375,0.061581,0.16008,0.020864,0.067804,-0.081001,-0.064842,0.1847,0.13996,-0.15183,0.089382,0.047803,0.096077,0.025431,0.21067,0.16022,-0.058957,-0.026408,0.22367,0.081592,-0.023214,0.0239,0.42802,-0.10531,0.07391,1,-0.014222,-0.10877,-0.079192,-0.15718,-0.2562,0.085147,-0.053572,-0.27139,0.14369,0.026255
80,0.35961,0.42809,0.38378,0.35605,0.53964,0.21248,0.40505,0.10235,0.054521,0.017369,0.29423,0.21525,0.12577,0.1283,0.24464,0.018966,0.14144,-0.047074,0.17875,0.34611,0.074448,0.13836,0.030802,-0.23361,0.18146,-0.074224,-0.29745,-0.23767,0.0043528,-0.11941,0.05178,-0.2138,-0.13818,-0.12922,-0.27473,-0.19788,-0.3551,-0.21019,-0.36676,-0.062816,-0.36259,-0.32049,-0.29559,-0.32117,0.07252,-0.13673,-0.41697,0.058509,-0.28859,-0.083113,-0.035879,0.028401,0.31593,0.086171,-0.028999,0.28926,-0.098776,-0.092221,-0.23929,-0.0033111,0.049123,-0.055251,-0.092882,-0.21089,0.033008,-0.17172,-0.049072,0.27121,0.027099,0.086696,-0.37823,0.2261,0.23071,0.15376,0.20051,-0.075979,0.044674,-0.087317,-0.072695,-0.014222,1,-0.018736,0.024267,0.042471,0.12696,-0.24013,-0.041785,-0.072282,0.18227,0.29443
81,-0.018053,-0.033564,0.129,0.083961,0.0094434,0.012767,-0.025948,0.061563,-0.019261,0.16171,0.030703,-0.064269,0.1175,0.069951,-0.19582,0.070564,0.12392,0.16569,0.036195,-0.099311,0.059171,0.087481,0.098816,-0.18205,-0.012256,0.20708,-0.16272,-0.12883,0.22211,-0.081019,0.11246,-0.028152,-0.26284,-0.095536,0.27054,-0.30307,-0.045122,-0.10875,0.11103,0.0089553,0.12009,0.023839,0.016705,-0.10218,-0.093798,0.16571,-0.19392,0.17729,0.27852,-0.036916,0.06592,-0.036636,0.14859,-0.0087601,-0.16518,-0.091493,0.042058,-0.099783,-0.13389,0.28836,0.21945,-0.2807,-0.27761,0.27795,-0.2727,0.061866,-0.052871,-0.009429,0.090798,0.09255,-0.041121,-0.049332,0.074074,0.18492,-0.14733,0.15839,0.24196,-0.24606,0.21773,-0.10877,-0.018736,1,0.02159,0.48787,0.17517,-0.001706,0.021271,0.12875,-0.022434,0.053819
82,0.054061,0.012048,0.031172,0.056863,0.050239,-0.040411,-0.055984,0.10688,0.070628,-0.060961,-0.052174,-0.16683,0.13982,0.092325,0.15275,-0.10283,-0.22913,0.10755,0.0038428,0.11636,0.047915,-0.0083724,0.28675,-0.13556,-0.062606,0.071651,-0.0034134,-0.02417,-0.020672,0.16755,0.12956,-0.24847,-0.058312,-0.22026,0.21793,-0.017328,-0.2501,-0.0033122,0.10947,-0.26675,0.10614,-0.11298,-0.07791,0.16598,-0.098023,-0.24818,-0.19089,-0.094471,0.081728,0.17673,-0.059682,0.087316,-0.15368,0.044916,-0.20295,-0.022612,0.064423,-0.10237,-0.10263,-0.18717,-0.04036,0.059228,-0.20014,0.0064198,-0.18915,0.13422,-0.16602,0.020426,0.23956,0.15083,0.014506,0.054381,-0.2649,0.081023,0.22465,-0.054106,-0.02138,0.057528,0.17581,-0.079192,0.024267,0.02159,1,0.10744,-0.2317,0.003528,-0.30971,0.10743,-0.18677,0.026628
83,0.035146,-0.1213,0.084699,0.086547,0.027516,0.033205,0.093105,0.10761,-0.15929,0.13002,-0.1622,-0.037886,0.31299,0.19937,-0.14776,-0.0075028,-0.17643,0.23466,0.24966,-0.013446,-0.026228,0.085563,0.32564,-0.09587,0.13891,0.13745,0.13082,0.096377,0.17874,-0.02383,0.18998,-0.020066,-0.12844,-0.082805,0.14933,-0.27294,-0.045144,-0.085792,-0.058846,-0.21618,-0.03457,-0.084954,0.081707,0.002162,0.12783,0.064038,-0.02093,-0.084877,0.19021,-0.041312,-0.048314,0.10818,0.29812,0.039868,0.0015264,0.20766,-0.0019684,-0.16885,0.077895,0.21424,-0.0074421,-0.018322,-0.12349,0.065564,-0.050254,-0.19431,-0.22089,0.1821,0.22385,0.081444,0.048839,0.2242,-0.059279,0.20936,0.08482,-0.099378,-0.11089,-0.094363,0.35197,-0.15718,0.042471,0.48787,0.10744,1,0.065423,-0.0044825,-0.016314,0.045685,0.029905,-0.092004
84,0.011224,0.10514,0.28455,0.17949,0.21045,0.075249,0.11682,0.010821,0.077656,0.10321,0.058642,0.12236,0.21024,0.16568,-0.080582,-0.13013,0.22417,-0.068038,0.087312,0.046288,0.10287,-0.023954,0.051112,0.088582,-0.081975,-0.11829,-0.019549,-0.18697,-0.092526,-0.18821,0.13804,0.34626,-0.10789,-0.21852,-0.16552,0.16783,0.070526,-0.099964,-0.15351,0.043054,-0.11115,0.12685,-0.20202,0.047354,0.15922,-0.0044277,0.09315,0.23027,0.1849,0.062103,-0.075639,0.013061,0.22397,-0.10529,0.14008,0.079335,-0.07446,0.044482,0.25856,0.19045,0.036635,-0.075056,-0.17211,0.18658,0.23028,0.20155,-0.049793,0.2051,-0.42294,-0.18931,0.11087,-0.12856,0.26624,-0.13592,0.12251,-0.087894,-0.16124,0.0088983,0.11072,-0.2562,0.12696,0.17517,-0.2317,0.065423,1,-0.1656,0.14309,0.11342,0.09623,-0.070689
85,-0.18083,-0.22599,-0.25715,-0.20848,-0.19836,-0.22641,-0.33205,-0.22232,-0.026451,0.0213,-0.30187,-0.1851,-0.17778,-0.075566,-0.02108,0.14707,-0.13981,0.27996,-0.38799,-0.27567,-0.2041,0.058547,0.050785,0.092237,-0.25793,-0.29847,0.30826,0.077782,-0.019191,0.25744,-0.18818,-0.029191,-0.062601,0.22217,0.24902,0.12723,0.22373,0.093462,0.27513,0.042034,0.17811,0.046014,0.034147,0.12114,-0.092278,0.23878,0.15437,-0.0010104,0.0051654,0.1261,-0.089486,-0.17116,-0.14522,0.046317,-0.0046306,-0.099742,-0.035231,0.18457,-0.26777,0.12478,-0.05573,0.12417,0.1614,0.021622,-0.19191,0.1049,0.43952,0.16314,0.33994,0.20193,-0.23206,-0.10537,-0.22119,0.12584,-0.12734,0.075036,0.052813,0.10974,-0.096832,0.085147,-0.24013,-0.001706,0.003528,-0.0044825,-0.1656,1,-0.14545,-0.089436,-0.17613,0.032967
86,-0.020847,0.081976,0.14289,0.0070187,-0.013477,0.052346,0.031912,-0.023762,0.038941,0.037684,-0.10033,-0.029283,-0.076832,0.060346,0.067998,-0.14738,0.14072,-0.15128,-0.018161,0.11252,-0.15204,0.074487,-0.16593,0.32806,-0.013008,0.042892,-0.018349,-0.18805,0.18651,-0.031883,-0.083508,0.33209,0.17822,0.061191,-0.14331,-0.031799,0.023526,-0.14814,0.092781,-0.13874,-0.12119,0.16538,-0.014359,-0.25626,0.014408,0.033992,-0.067996,0.20671,0.06562,-0.080288,0.11159,0.077296,-0.13491,-0.22759,0.095559,-0.032344,-0.013038,-0.11466,0.33687,-0.033351,0.051914,-0.054421,0.1994,0.067006,0.36673,0.069927,0.015541,-0.043298,-0.064993,-0.1608,-0.016474,-0.037257,0.025611,-0.12912,-0.10938,-0.092313,-0.13735,-0.1887,0.1193,-0.053572,-0.041785,0.021271,-0.30971,-0.016314,0.14309,-0.14545,1,0.090823,0.0097905,-0.045241
87,-0.10743,-0.013668,0.034681,0.039298,-0.11131,-0.091843,0.022235,-0.049721,0.079825,0.058331,-0.019196,-0.089347,0.19646,0.15614,-0.087256,0.078043,0.19841,0.0044599,0.2136,0.16913,0.030359,-0.076406,0.050043,0.20811,0.026663,-0.017217,-0.017537,-0.15624,0.23292,0.17996,0.10076,-0.057269,0.15983,0.16421,0.028421,-0.0093901,-0.10484,0.034095,-0.11663,0.019258,0.023936,0.12961,0.22864,-0.20374,-0.09757,-0.1301,-0.2388,-0.059964,0.11981,0.13479,-0.21594,0.090393,-0.14156,-0.22457,-0.17701,-0.15475,-0.036766,0.058634,0.19509,-0.1367,0.063002,-0.015529,0.12126,0.28419,0.038908,-0.041246,0.092188,0.12477,0.0061725,-0.11541,-0.056837,-0.18145,-0.040296,-0.16875,-0.064674,0.1508,-0.026528,0.03097,0.062079,-0.27139,-0.072282,0.12875,0.10743,0.045685,0.11342,-0.089436,0.090823,1,-0.13219,0.23161
88,0.27731,0.22921,0.27069,0.19588,0.25429,0.26073,0.43041,0.36161,0.10261,0.025419,0.33704,0.09137,0.41567,0.17448,0.2825,0.12859,0.0041066,0.14662,0.37734,0.25759,0.058352,-0.080119,0.13422,-0.16181,-0.14943,0.17644,-0.058656,0.088609,-0.17059,-0.25701,-0.298,-0.050069,0.05414,0.014072,-0.30404,-0.25042,0.059345,-0.076929,-0.25995,-0.14828,-0.22948,-0.026824,-0.040727,-0.030107,-0.020582,-0.062811,-0.065071,-0.029256,-0.20619,-0.068925,0.055458,-0.3649,-0.0078823,-0.29708,-0.0027026,0.034749,-0.01426,-0.24967,0.10012,0.16337,-0.20038,-0.039545,-0.030222,-0.32859,0.023556,-0.12175,-0.14594,-0.012414,0.091566,0.20194,0.004035,0.29222,0.24406,-0.063822,-0.26063,-0.042686,0.11538,0.12823,0.0011177,0.14369,0.18227,-0.022434,-0.18677,0.029905,0.09623,-0.17613,0.0097905,-0.13219,1,0.21393
89,0.042566,0.23161,0.1033,0.0782,0.19766,0.16881,0.10959,0.13029,0.085397,0.017627,0.28942,-0.050514,0.16818,0.08822,-0.12158,-0.0054873,0.07541,0.065638,0.24874,0.092183,0.13045,0.24247,-0.040925,0.085961,-0.17636,-0.13026,-0.045872,-0.10024,0.13147,-0.010414,0.026921,-0.30483,0.0027853,0.17184,-0.1245,0.057093,-0.28817,-0.013333,-0.04102,-0.098592,-0.3032,0.21828,-0.17388,-0.29936,-0.13126,-0.1875,-0.33428,-0.0095479,-0.27588,-0.24117,-0.016317,-0.068371,-0.12703,-0.1162,-0.15618,-0.36165,0.025678,-0.17783,-0.12772,-0.040845,-0.13598,-0.043243,-0.12353,0.053868,-0.096652,-0.014224,0.35705,0.044,-0.16343,0.001484,-0.19361,-0.15753,-0.030757,-0.004475,-0.21605,0.14098,0.1787,-0.13664,-0.086027,0.026255,0.29443,0.053819,0.026628,-0.092004,-0.070689,0.032967,-0.045241,0.23161,0.21393,1
